Ref,citation,created,event,text,type,url
0,,,GW150914,GraceDB page,web-data,https://gracedb.ligo.org/events/view/G184098
1,,,GW150914,Open Data page,open-data,https://www.gw-openscience.org/catalog/GWTC-1-confident/single/GW150914/
2,LIGO Scientific Collaboration & Virgo Collaboration (2018) (submitted),,GW150914,O2 catalog paper,pub,https://dcc.ligo.org/LIGO-P1800307/public
3,,,GW150914,Skymap Viewer,web-data,https://losc.ligo.org/s/skymapViewer/aladin/index.html#GW150914:LALI
4,,,GW150914,Final Skymap,skymap-fits,https://dcc.ligo.org/public/0157/P1800381/002/GW150914_skymap.fits.gz
5,,2019-06-02T05:37:28.291,GW150914,Skymap (Cartesian zoomed),skymap-plot,https://data.cardiffgravity.org/gwcat-data/data/png/GW150914_cartzoom.png
6,,2019-06-02T05:37:39.500,GW150914,Skymap (Cartesian fullsky),skymap-plot,https://data.cardiffgravity.org/gwcat-data/data/png/GW150914_cart.png
7,,2019-06-02T05:37:16.567,GW150914,Skymap (Mollweide fullsky),skymap-plot,https://data.cardiffgravity.org/gwcat-data/data/png/GW150914_moll.png
8,,2019-06-02T05:37:28.292,GW150914,Skymap (Cartesian zoomed),skymap-thumbnail,https://data.cardiffgravity.org/gwcat-data/data/png/GW150914_cartzoom.thumb.png
9,,2019-06-02T05:37:39.501,GW150914,Skymap (Cartesian fullsky),skymap-thumbnail,https://data.cardiffgravity.org/gwcat-data/data/png/GW150914_cart.thumb.png
10,,2019-06-02T05:37:16.568,GW150914,Skymap (Mollweide fullsky),skymap-thumbnail,https://data.cardiffgravity.org/gwcat-data/data/png/GW150914_moll.thumb.png
11,,2019-06-02T05:38:03.551,GW150914,"Skymap (Cartesian fullsky, rotated)",skymap-plot,https://data.cardiffgravity.org/gwcat-data/data/png/GW150914_cart_rot.png
12,,2019-06-02T05:38:03.551,GW150914,"Skymap (Cartesian fullsky, rotated)",skymap-thumbnail,https://data.cardiffgravity.org/gwcat-data/data/png/GW150914_cart_rot.thumb.png
13,,2019-06-02T05:37:55.131,GW150914,"Skymap (Mollweide fullsky, rotated)",skymap-plot,https://data.cardiffgravity.org/gwcat-data/data/png/GW150914_moll_rot.png
14,,2019-06-02T05:37:55.132,GW150914,"Skymap (Mollweide fullsky, rotated)",skymap-thumbnail,https://data.cardiffgravity.org/gwcat-data/data/png/GW150914_moll_rot.thumb.png
15,,2019-06-02T22:36:13.444,GW150914,Skymap (no annotations),skymap-plain,https://data.cardiffgravity.org/gwcat-data/data/gravoscope/GW150914_8192.png
16,,2018-12-07T18:27:48.395,GW150914,Gravoscope tileset,gravoscope-tiles,https://data.cardiffgravity.org/gwcat-data/data/gravoscope/GW150914-tiles
17,LIGO Scientific Collaboration & Virgo Collaboration (2018) (submitted),,GW151012,O2 catalog paper,pub,https://dcc.ligo.org/LIGO-P1800307/public
18,,,GW151012,Skymap Viewer,web-data,https://losc.ligo.org/s/skymapViewer/aladin/index.html#LVT151012:LAL1
19,,,GW151012,Final Skymap,skymap-fits,https://dcc.ligo.org/public/0157/P1800381/002/GW151012_skymap.fits.gz
20,,,GW151012,GraceDB page,web-data,https://gracedb.ligo.org/events/view/G192004
21,,,GW151012,GraceDB page,web-data,https://gracedb.ligo.org/events/view/G192005
22,,,GW151012,Open Data page,open-data,https://www.gw-openscience.org/catalog/GWTC-1-confident/single/LVT151012/
23,,2019-06-02T05:38:14.370,GW151012,Skymap (Cartesian zoomed),skymap-plot,https://data.cardiffgravity.org/gwcat-data/data/png/GW151012_cartzoom.png
24,,2019-06-02T05:38:19.354,GW151012,Skymap (Cartesian fullsky),skymap-plot,https://data.cardiffgravity.org/gwcat-data/data/png/GW151012_cart.png
25,,2019-06-02T05:38:10.057,GW151012,Skymap (Mollweide fullsky),skymap-plot,https://data.cardiffgravity.org/gwcat-data/data/png/GW151012_moll.png
26,,2019-06-02T05:38:14.371,GW151012,Skymap (Cartesian zoomed),skymap-thumbnail,https://data.cardiffgravity.org/gwcat-data/data/png/GW151012_cartzoom.thumb.png
27,,2019-06-02T05:38:19.354,GW151012,Skymap (Cartesian fullsky),skymap-thumbnail,https://data.cardiffgravity.org/gwcat-data/data/png/GW151012_cart.thumb.png
28,,2019-06-02T05:38:10.057,GW151012,Skymap (Mollweide fullsky),skymap-thumbnail,https://data.cardiffgravity.org/gwcat-data/data/png/GW151012_moll.thumb.png
29,,2019-06-02T05:38:30.841,GW151012,"Skymap (Cartesian fullsky, rotated)",skymap-plot,https://data.cardiffgravity.org/gwcat-data/data/png/GW151012_cart_rot.png
30,,2019-06-02T05:38:30.841,GW151012,"Skymap (Cartesian fullsky, rotated)",skymap-thumbnail,https://data.cardiffgravity.org/gwcat-data/data/png/GW151012_cart_rot.thumb.png
31,,2019-06-02T05:38:25.678,GW151012,"Skymap (Mollweide fullsky, rotated)",skymap-plot,https://data.cardiffgravity.org/gwcat-data/data/png/GW151012_moll_rot.png
32,,2019-06-02T05:38:25.678,GW151012,"Skymap (Mollweide fullsky, rotated)",skymap-thumbnail,https://data.cardiffgravity.org/gwcat-data/data/png/GW151012_moll_rot.thumb.png
33,,2019-06-02T22:36:31.482,GW151012,Skymap (no annotations),skymap-plain,https://data.cardiffgravity.org/gwcat-data/data/gravoscope/GW151012_8192.png
34,,2018-11-08T18:36:07.470,GW151012,Gravoscope tileset,gravoscope-tiles,https://data.cardiffgravity.org/gwcat-data/data/gravoscope/GW151012-tiles
35,LIGO Scientific Collaboration & Virgo Collaboration (2018) (submitted),,GW151226,O2 catalog paper,pub,https://dcc.ligo.org/LIGO-P1800307/public
36,,,GW151226,Open Data page,open-data,https://www.gw-openscience.org/catalog/GWTC-1-confident/single/GW151226/
37,,,GW151226,GraceDB page,web-data,https://gracedb.ligo.org/events/view/G211117
38,,,GW151226,GraceDB page,web-data,https://gracedb.ligo.org/events/view/G211182
39,,,GW151226,Final Skymap,skymap-fits,https://dcc.ligo.org/public/0157/P1800381/002/GW151226_skymap.fits.gz
40,,,GW151226,Skymap Viewer,web-data,https://losc.ligo.org/s/skymapViewer/aladin/index.html#GW151226:LALI2
41,,2019-06-02T05:38:41.370,GW151226,Skymap (Cartesian zoomed),skymap-plot,https://data.cardiffgravity.org/gwcat-data/data/png/GW151226_cartzoom.png
42,,2019-06-02T05:38:46.228,GW151226,Skymap (Cartesian fullsky),skymap-plot,https://data.cardiffgravity.org/gwcat-data/data/png/GW151226_cart.png
43,,2019-06-02T05:38:37.492,GW151226,Skymap (Mollweide fullsky),skymap-plot,https://data.cardiffgravity.org/gwcat-data/data/png/GW151226_moll.png
44,,2019-06-02T05:38:41.370,GW151226,Skymap (Cartesian zoomed),skymap-thumbnail,https://data.cardiffgravity.org/gwcat-data/data/png/GW151226_cartzoom.thumb.png
45,,2019-06-02T05:38:46.229,GW151226,Skymap (Cartesian fullsky),skymap-thumbnail,https://data.cardiffgravity.org/gwcat-data/data/png/GW151226_cart.thumb.png
46,,2019-06-02T05:38:37.493,GW151226,Skymap (Mollweide fullsky),skymap-thumbnail,https://data.cardiffgravity.org/gwcat-data/data/png/GW151226_moll.thumb.png
47,,2019-06-02T05:38:57.920,GW151226,"Skymap (Cartesian fullsky, rotated)",skymap-plot,https://data.cardiffgravity.org/gwcat-data/data/png/GW151226_cart_rot.png
48,,2019-06-02T05:38:57.921,GW151226,"Skymap (Cartesian fullsky, rotated)",skymap-thumbnail,https://data.cardiffgravity.org/gwcat-data/data/png/GW151226_cart_rot.thumb.png
49,,2019-06-02T05:38:52.876,GW151226,"Skymap (Mollweide fullsky, rotated)",skymap-plot,https://data.cardiffgravity.org/gwcat-data/data/png/GW151226_moll_rot.png
50,,2019-06-02T05:38:52.876,GW151226,"Skymap (Mollweide fullsky, rotated)",skymap-thumbnail,https://data.cardiffgravity.org/gwcat-data/data/png/GW151226_moll_rot.thumb.png
51,,2019-06-02T22:36:47.266,GW151226,Skymap (no annotations),skymap-plain,https://data.cardiffgravity.org/gwcat-data/data/gravoscope/GW151226_8192.png
52,,2018-10-22T21:04:24.299,GW151226,Gravoscope tileset,gravoscope-tiles,https://data.cardiffgravity.org/gwcat-data/data/gravoscope/GW151226-tiles
53,LIGO Scientific Collaboration & Virgo Collaboration (2018) (submitted),,GW170104,O2 catalog paper,pub,https://dcc.ligo.org/LIGO-P1800307/public
54,,,GW170104,Open Data page,open-data,https://www.gw-openscience.org/catalog/GWTC-1-confident/single/GW170104/
55,,,GW170104,GraceDB page,web-data,https://gracedb.ligo.org/events/view/G268556
56,,,GW170104,Final Skymap,skymap-fits,https://dcc.ligo.org/public/0157/P1800381/002/GW170104_skymap.fits.gz
57,,,GW170104,Skymap Viewer,web-data,https://losc.ligo.org/s/events/skymapViewer/aladin/index.html#GW170104:LALI
58,,2019-06-02T05:39:09.959,GW170104,Skymap (Cartesian zoomed),skymap-plot,https://data.cardiffgravity.org/gwcat-data/data/png/GW170104_cartzoom.png
59,,2019-06-02T05:39:15.255,GW170104,Skymap (Cartesian fullsky),skymap-plot,https://data.cardiffgravity.org/gwcat-data/data/png/GW170104_cart.png
60,,2019-06-02T05:39:04.701,GW170104,Skymap (Mollweide fullsky),skymap-plot,https://data.cardiffgravity.org/gwcat-data/data/png/GW170104_moll.png
61,,2019-06-02T05:39:09.959,GW170104,Skymap (Cartesian zoomed),skymap-thumbnail,https://data.cardiffgravity.org/gwcat-data/data/png/GW170104_cartzoom.thumb.png
62,,2019-06-02T05:39:15.256,GW170104,Skymap (Cartesian fullsky),skymap-thumbnail,https://data.cardiffgravity.org/gwcat-data/data/png/GW170104_cart.thumb.png
63,,2019-06-02T05:39:04.702,GW170104,Skymap (Mollweide fullsky),skymap-thumbnail,https://data.cardiffgravity.org/gwcat-data/data/png/GW170104_moll.thumb.png
64,,2019-06-02T05:39:26.499,GW170104,"Skymap (Cartesian fullsky, rotated)",skymap-plot,https://data.cardiffgravity.org/gwcat-data/data/png/GW170104_cart_rot.png
65,,2019-06-02T05:39:26.500,GW170104,"Skymap (Cartesian fullsky, rotated)",skymap-thumbnail,https://data.cardiffgravity.org/gwcat-data/data/png/GW170104_cart_rot.thumb.png
66,,2019-06-02T05:39:21.257,GW170104,"Skymap (Mollweide fullsky, rotated)",skymap-plot,https://data.cardiffgravity.org/gwcat-data/data/png/GW170104_moll_rot.png
67,,2019-06-02T05:39:21.257,GW170104,"Skymap (Mollweide fullsky, rotated)",skymap-thumbnail,https://data.cardiffgravity.org/gwcat-data/data/png/GW170104_moll_rot.thumb.png
68,,2019-06-02T22:37:06.485,GW170104,Skymap (no annotations),skymap-plain,https://data.cardiffgravity.org/gwcat-data/data/gravoscope/GW170104_8192.png
69,,2018-10-25T03:23:49.113,GW170104,Gravoscope tileset,gravoscope-tiles,https://data.cardiffgravity.org/gwcat-data/data/gravoscope/GW170104-tiles
70,LIGO Scientific Collaboration & Virgo Collaboration (2018) (submitted),,GW170608,O2 catalog paper,pub,https://dcc.ligo.org/LIGO-P1800307/public
71,,,GW170608,Open Data page,open-data,https://www.gw-openscience.org/catalog/GWTC-1-confident/single/GW170608/
72,,,GW170608,Final Skymap,skymap-fits,https://dcc.ligo.org/public/0157/P1800381/002/GW170608_skymap.fits.gz
73,,2019-06-02T05:39:38.575,GW170608,Skymap (Cartesian zoomed),skymap-plot,https://data.cardiffgravity.org/gwcat-data/data/png/GW170608_cartzoom.png
74,,2019-06-02T05:39:43.610,GW170608,Skymap (Cartesian fullsky),skymap-plot,https://data.cardiffgravity.org/gwcat-data/data/png/GW170608_cart.png
75,,2019-06-02T05:39:34.664,GW170608,Skymap (Mollweide fullsky),skymap-plot,https://data.cardiffgravity.org/gwcat-data/data/png/GW170608_moll.png
76,,2019-06-02T05:39:38.576,GW170608,Skymap (Cartesian zoomed),skymap-thumbnail,https://data.cardiffgravity.org/gwcat-data/data/png/GW170608_cartzoom.thumb.png
77,,2019-06-02T05:39:43.610,GW170608,Skymap (Cartesian fullsky),skymap-thumbnail,https://data.cardiffgravity.org/gwcat-data/data/png/GW170608_cart.thumb.png
78,,2019-06-02T05:39:34.665,GW170608,Skymap (Mollweide fullsky),skymap-thumbnail,https://data.cardiffgravity.org/gwcat-data/data/png/GW170608_moll.thumb.png
79,,2019-06-02T05:39:54.632,GW170608,"Skymap (Cartesian fullsky, rotated)",skymap-plot,https://data.cardiffgravity.org/gwcat-data/data/png/GW170608_cart_rot.png
80,,2019-06-02T05:39:54.632,GW170608,"Skymap (Cartesian fullsky, rotated)",skymap-thumbnail,https://data.cardiffgravity.org/gwcat-data/data/png/GW170608_cart_rot.thumb.png
81,,2019-06-02T05:39:49.516,GW170608,"Skymap (Mollweide fullsky, rotated)",skymap-plot,https://data.cardiffgravity.org/gwcat-data/data/png/GW170608_moll_rot.png
82,,2019-06-02T05:39:49.517,GW170608,"Skymap (Mollweide fullsky, rotated)",skymap-thumbnail,https://data.cardiffgravity.org/gwcat-data/data/png/GW170608_moll_rot.thumb.png
83,,2019-06-02T22:37:24.686,GW170608,Skymap (no annotations),skymap-plain,https://data.cardiffgravity.org/gwcat-data/data/gravoscope/GW170608_8192.png
84,,2018-12-07T20:48:08.884,GW170608,Gravoscope tileset,gravoscope-tiles,https://data.cardiffgravity.org/gwcat-data/data/gravoscope/GW170608-tiles
85,LIGO Scientific Collaboration & Virgo Collaboration (2018) (submitted),,GW170729,O2 catalog paper,pub,https://dcc.ligo.org/LIGO-P1800307/public
86,,,GW170729,Open Data page,open-data,https://www.gw-openscience.org/catalog/GWTC-1-confident/single/GW170729/
87,,,GW170729,Final Skymap,skymap-fits,https://dcc.ligo.org/public/0157/P1800381/002/GW170729_skymap.fits.gz
88,,2019-06-02T05:40:12.149,GW170729,Skymap (Cartesian zoomed),skymap-plot,https://data.cardiffgravity.org/gwcat-data/data/png/GW170729_cartzoom.png
89,,2019-06-02T05:40:18.122,GW170729,Skymap (Cartesian fullsky),skymap-plot,https://data.cardiffgravity.org/gwcat-data/data/png/GW170729_cart.png
90,,2019-06-02T05:40:07.219,GW170729,Skymap (Mollweide fullsky),skymap-plot,https://data.cardiffgravity.org/gwcat-data/data/png/GW170729_moll.png
91,,2019-06-02T05:40:12.150,GW170729,Skymap (Cartesian zoomed),skymap-thumbnail,https://data.cardiffgravity.org/gwcat-data/data/png/GW170729_cartzoom.thumb.png
92,,2019-06-02T05:40:18.123,GW170729,Skymap (Cartesian fullsky),skymap-thumbnail,https://data.cardiffgravity.org/gwcat-data/data/png/GW170729_cart.thumb.png
93,,2019-06-02T05:40:07.220,GW170729,Skymap (Mollweide fullsky),skymap-thumbnail,https://data.cardiffgravity.org/gwcat-data/data/png/GW170729_moll.thumb.png
94,,2019-06-02T05:40:30.883,GW170729,"Skymap (Cartesian fullsky, rotated)",skymap-plot,https://data.cardiffgravity.org/gwcat-data/data/png/GW170729_cart_rot.png
95,,2019-06-02T05:40:30.884,GW170729,"Skymap (Cartesian fullsky, rotated)",skymap-thumbnail,https://data.cardiffgravity.org/gwcat-data/data/png/GW170729_cart_rot.thumb.png
96,,2019-06-02T05:40:24.896,GW170729,"Skymap (Mollweide fullsky, rotated)",skymap-plot,https://data.cardiffgravity.org/gwcat-data/data/png/GW170729_moll_rot.png
97,,2019-06-02T05:40:24.897,GW170729,"Skymap (Mollweide fullsky, rotated)",skymap-thumbnail,https://data.cardiffgravity.org/gwcat-data/data/png/GW170729_moll_rot.thumb.png
98,,2019-06-02T22:37:44.195,GW170729,Skymap (no annotations),skymap-plain,https://data.cardiffgravity.org/gwcat-data/data/gravoscope/GW170729_8192.png
99,,2018-11-15T15:17:20.955,GW170729,Gravoscope tileset,gravoscope-tiles,https://data.cardiffgravity.org/gwcat-data/data/gravoscope/GW170729-tiles
100,LIGO Scientific Collaboration & Virgo Collaboration (2018) (submitted),,GW170809,O2 catalog paper,pub,https://dcc.ligo.org/LIGO-P1800307/public
101,,,GW170809,Open Data page,open-data,https://www.gw-openscience.org/catalog/GWTC-1-confident/single/GW170809/
102,,,GW170809,Final Skymap,skymap-fits,https://dcc.ligo.org/public/0157/P1800381/002/GW170809_skymap.fits.gz
103,,2019-06-02T05:40:41.786,GW170809,Skymap (Cartesian zoomed),skymap-plot,https://data.cardiffgravity.org/gwcat-data/data/png/GW170809_cartzoom.png
104,,2019-06-02T05:40:49.043,GW170809,Skymap (Cartesian fullsky),skymap-plot,https://data.cardiffgravity.org/gwcat-data/data/png/GW170809_cart.png
105,,2019-06-02T05:40:37.977,GW170809,Skymap (Mollweide fullsky),skymap-plot,https://data.cardiffgravity.org/gwcat-data/data/png/GW170809_moll.png
106,,2019-06-02T05:40:41.786,GW170809,Skymap (Cartesian zoomed),skymap-thumbnail,https://data.cardiffgravity.org/gwcat-data/data/png/GW170809_cartzoom.thumb.png
107,,2019-06-02T05:40:49.044,GW170809,Skymap (Cartesian fullsky),skymap-thumbnail,https://data.cardiffgravity.org/gwcat-data/data/png/GW170809_cart.thumb.png
108,,2019-06-02T05:40:37.977,GW170809,Skymap (Mollweide fullsky),skymap-thumbnail,https://data.cardiffgravity.org/gwcat-data/data/png/GW170809_moll.thumb.png
109,,2019-06-02T05:41:00.044,GW170809,"Skymap (Cartesian fullsky, rotated)",skymap-plot,https://data.cardiffgravity.org/gwcat-data/data/png/GW170809_cart_rot.png
110,,2019-06-02T05:41:00.045,GW170809,"Skymap (Cartesian fullsky, rotated)",skymap-thumbnail,https://data.cardiffgravity.org/gwcat-data/data/png/GW170809_cart_rot.thumb.png
111,,2019-06-02T05:40:54.904,GW170809,"Skymap (Mollweide fullsky, rotated)",skymap-plot,https://data.cardiffgravity.org/gwcat-data/data/png/GW170809_moll_rot.png
112,,2019-06-02T05:40:54.905,GW170809,"Skymap (Mollweide fullsky, rotated)",skymap-thumbnail,https://data.cardiffgravity.org/gwcat-data/data/png/GW170809_moll_rot.thumb.png
113,,2019-06-02T22:37:59.628,GW170809,Skymap (no annotations),skymap-plain,https://data.cardiffgravity.org/gwcat-data/data/gravoscope/GW170809_8192.png
114,,2018-12-07T16:23:50.999,GW170809,Gravoscope tileset,gravoscope-tiles,https://data.cardiffgravity.org/gwcat-data/data/gravoscope/GW170809-tiles
115,LIGO Scientific Collaboration & Virgo Collaboration (2018) (submitted),,GW170814,O2 catalog paper,pub,https://dcc.ligo.org/LIGO-P1800307/public
116,,,GW170814,Open Data page,open-data,https://www.gw-openscience.org/catalog/GWTC-1-confident/single/GW170814/
117,,,GW170814,Final Skymap,skymap-fits,https://dcc.ligo.org/public/0157/P1800381/002/GW170814_skymap.fits.gz
118,,2019-06-02T05:41:14.537,GW170814,Skymap (Cartesian zoomed),skymap-plot,https://data.cardiffgravity.org/gwcat-data/data/png/GW170814_cartzoom.png
119,,2019-06-02T05:41:20.001,GW170814,Skymap (Cartesian fullsky),skymap-plot,https://data.cardiffgravity.org/gwcat-data/data/png/GW170814_cart.png
120,,2019-06-02T05:41:10.318,GW170814,Skymap (Mollweide fullsky),skymap-plot,https://data.cardiffgravity.org/gwcat-data/data/png/GW170814_moll.png
121,,2019-06-02T05:41:14.537,GW170814,Skymap (Cartesian zoomed),skymap-thumbnail,https://data.cardiffgravity.org/gwcat-data/data/png/GW170814_cartzoom.thumb.png
122,,2019-06-02T05:41:20.002,GW170814,Skymap (Cartesian fullsky),skymap-thumbnail,https://data.cardiffgravity.org/gwcat-data/data/png/GW170814_cart.thumb.png
123,,2019-06-02T05:41:10.318,GW170814,Skymap (Mollweide fullsky),skymap-thumbnail,https://data.cardiffgravity.org/gwcat-data/data/png/GW170814_moll.thumb.png
124,,2019-06-02T05:41:31.871,GW170814,"Skymap (Cartesian fullsky, rotated)",skymap-plot,https://data.cardiffgravity.org/gwcat-data/data/png/GW170814_cart_rot.png
125,,2019-06-02T05:41:31.871,GW170814,"Skymap (Cartesian fullsky, rotated)",skymap-thumbnail,https://data.cardiffgravity.org/gwcat-data/data/png/GW170814_cart_rot.thumb.png
126,,2019-06-02T05:41:26.344,GW170814,"Skymap (Mollweide fullsky, rotated)",skymap-plot,https://data.cardiffgravity.org/gwcat-data/data/png/GW170814_moll_rot.png
127,,2019-06-02T05:41:26.345,GW170814,"Skymap (Mollweide fullsky, rotated)",skymap-thumbnail,https://data.cardiffgravity.org/gwcat-data/data/png/GW170814_moll_rot.thumb.png
128,,2019-06-02T22:38:18.250,GW170814,Skymap (no annotations),skymap-plain,https://data.cardiffgravity.org/gwcat-data/data/gravoscope/GW170814_8192.png
129,,2018-11-06T08:40:13.849,GW170814,Gravoscope tileset,gravoscope-tiles,https://data.cardiffgravity.org/gwcat-data/data/gravoscope/GW170814-tiles
130,LIGO Scientific Collaboration & Virgo Collaboration (2018) (submitted),,GW170817,O2 catalog paper,pub,https://dcc.ligo.org/LIGO-P1800307/public
131,,,GW170817,Open Data page,open-data,https://www.gw-openscience.org/catalog/GWTC-1-confident/single/GW170817/
132,,,GW170817,Final Skymap,skymap-fits,https://dcc.ligo.org/public/0157/P1800381/002/GW170817_skymap.fits.gz
133,,2019-06-02T05:41:49.013,GW170817,Skymap (Cartesian zoomed),skymap-plot,https://data.cardiffgravity.org/gwcat-data/data/png/GW170817_cartzoom.png
134,,2019-06-02T05:41:54.314,GW170817,Skymap (Cartesian fullsky),skymap-plot,https://data.cardiffgravity.org/gwcat-data/data/png/GW170817_cart.png
135,,2019-06-02T05:41:44.894,GW170817,Skymap (Mollweide fullsky),skymap-plot,https://data.cardiffgravity.org/gwcat-data/data/png/GW170817_moll.png
136,,2019-06-02T05:41:49.013,GW170817,Skymap (Cartesian zoomed),skymap-thumbnail,https://data.cardiffgravity.org/gwcat-data/data/png/GW170817_cartzoom.thumb.png
137,,2019-06-02T05:41:54.314,GW170817,Skymap (Cartesian fullsky),skymap-thumbnail,https://data.cardiffgravity.org/gwcat-data/data/png/GW170817_cart.thumb.png
138,,2019-06-02T05:41:44.895,GW170817,Skymap (Mollweide fullsky),skymap-thumbnail,https://data.cardiffgravity.org/gwcat-data/data/png/GW170817_moll.thumb.png
139,,2019-06-02T05:42:06.100,GW170817,"Skymap (Cartesian fullsky, rotated)",skymap-plot,https://data.cardiffgravity.org/gwcat-data/data/png/GW170817_cart_rot.png
140,,2019-06-02T05:42:06.100,GW170817,"Skymap (Cartesian fullsky, rotated)",skymap-thumbnail,https://data.cardiffgravity.org/gwcat-data/data/png/GW170817_cart_rot.thumb.png
141,,2019-06-02T05:42:00.632,GW170817,"Skymap (Mollweide fullsky, rotated)",skymap-plot,https://data.cardiffgravity.org/gwcat-data/data/png/GW170817_moll_rot.png
142,,2019-06-02T05:42:00.633,GW170817,"Skymap (Mollweide fullsky, rotated)",skymap-thumbnail,https://data.cardiffgravity.org/gwcat-data/data/png/GW170817_moll_rot.thumb.png
143,,2019-06-02T22:38:36.794,GW170817,Skymap (no annotations),skymap-plain,https://data.cardiffgravity.org/gwcat-data/data/gravoscope/GW170817_8192.png
144,,2018-10-29T01:31:27.956,GW170817,Gravoscope tileset,gravoscope-tiles,https://data.cardiffgravity.org/gwcat-data/data/gravoscope/GW170817-tiles
145,LIGO Scientific Collaboration & Virgo Collaboration (2018) (submitted),,GW170818,O2 catalog paper,pub,https://dcc.ligo.org/LIGO-P1800307/public
146,,,GW170818,Open Data page,open-data,https://www.gw-openscience.org/catalog/GWTC-1-confident/single/GW170818/
147,,,GW170818,Final Skymap,skymap-fits,https://dcc.ligo.org/public/0157/P1800381/002/GW170818_skymap.fits.gz
148,,2019-06-02T05:42:20.744,GW170818,Skymap (Cartesian zoomed),skymap-plot,https://data.cardiffgravity.org/gwcat-data/data/png/GW170818_cartzoom.png
149,,2019-06-02T05:42:26.245,GW170818,Skymap (Cartesian fullsky),skymap-plot,https://data.cardiffgravity.org/gwcat-data/data/png/GW170818_cart.png
150,,2019-06-02T05:42:16.352,GW170818,Skymap (Mollweide fullsky),skymap-plot,https://data.cardiffgravity.org/gwcat-data/data/png/GW170818_moll.png
151,,2019-06-02T05:42:20.744,GW170818,Skymap (Cartesian zoomed),skymap-thumbnail,https://data.cardiffgravity.org/gwcat-data/data/png/GW170818_cartzoom.thumb.png
152,,2019-06-02T05:42:26.245,GW170818,Skymap (Cartesian fullsky),skymap-thumbnail,https://data.cardiffgravity.org/gwcat-data/data/png/GW170818_cart.thumb.png
153,,2019-06-02T05:42:16.352,GW170818,Skymap (Mollweide fullsky),skymap-thumbnail,https://data.cardiffgravity.org/gwcat-data/data/png/GW170818_moll.thumb.png
154,,2019-06-02T05:42:38.395,GW170818,"Skymap (Cartesian fullsky, rotated)",skymap-plot,https://data.cardiffgravity.org/gwcat-data/data/png/GW170818_cart_rot.png
155,,2019-06-02T05:42:38.395,GW170818,"Skymap (Cartesian fullsky, rotated)",skymap-thumbnail,https://data.cardiffgravity.org/gwcat-data/data/png/GW170818_cart_rot.thumb.png
156,,2019-06-02T05:42:32.719,GW170818,"Skymap (Mollweide fullsky, rotated)",skymap-plot,https://data.cardiffgravity.org/gwcat-data/data/png/GW170818_moll_rot.png
157,,2019-06-02T05:42:32.719,GW170818,"Skymap (Mollweide fullsky, rotated)",skymap-thumbnail,https://data.cardiffgravity.org/gwcat-data/data/png/GW170818_moll_rot.thumb.png
158,,2019-06-02T22:38:55.469,GW170818,Skymap (no annotations),skymap-plain,https://data.cardiffgravity.org/gwcat-data/data/gravoscope/GW170818_8192.png
159,,2018-12-07T05:21:12.820,GW170818,Gravoscope tileset,gravoscope-tiles,https://data.cardiffgravity.org/gwcat-data/data/gravoscope/GW170818-tiles
160,LIGO Scientific Collaboration & Virgo Collaboration (2018) (submitted),,GW170823,O2 catalog paper,pub,https://dcc.ligo.org/LIGO-P1800307/public
161,,,GW170823,Open Data page,open-data,https://www.gw-openscience.org/catalog/GWTC-1-confident/single/GW170823/
162,,,GW170823,Final Skymap,skymap-fits,https://dcc.ligo.org/public/0157/P1800381/002/GW170823_skymap.fits.gz
163,,2019-06-02T05:42:51.780,GW170823,Skymap (Cartesian zoomed),skymap-plot,https://data.cardiffgravity.org/gwcat-data/data/png/GW170823_cartzoom.png
164,,2019-06-02T05:42:56.701,GW170823,Skymap (Cartesian fullsky),skymap-plot,https://data.cardiffgravity.org/gwcat-data/data/png/GW170823_cart.png
165,,2019-06-02T05:42:47.835,GW170823,Skymap (Mollweide fullsky),skymap-plot,https://data.cardiffgravity.org/gwcat-data/data/png/GW170823_moll.png
166,,2019-06-02T05:42:51.780,GW170823,Skymap (Cartesian zoomed),skymap-thumbnail,https://data.cardiffgravity.org/gwcat-data/data/png/GW170823_cartzoom.thumb.png
167,,2019-06-02T05:42:56.701,GW170823,Skymap (Cartesian fullsky),skymap-thumbnail,https://data.cardiffgravity.org/gwcat-data/data/png/GW170823_cart.thumb.png
168,,2019-06-02T05:42:47.836,GW170823,Skymap (Mollweide fullsky),skymap-thumbnail,https://data.cardiffgravity.org/gwcat-data/data/png/GW170823_moll.thumb.png
169,,2019-06-02T05:43:07.530,GW170823,"Skymap (Cartesian fullsky, rotated)",skymap-plot,https://data.cardiffgravity.org/gwcat-data/data/png/GW170823_cart_rot.png
170,,2019-06-02T05:43:07.530,GW170823,"Skymap (Cartesian fullsky, rotated)",skymap-thumbnail,https://data.cardiffgravity.org/gwcat-data/data/png/GW170823_cart_rot.thumb.png
171,,2019-06-02T05:43:02.493,GW170823,"Skymap (Mollweide fullsky, rotated)",skymap-plot,https://data.cardiffgravity.org/gwcat-data/data/png/GW170823_moll_rot.png
172,,2019-06-02T05:43:02.494,GW170823,"Skymap (Mollweide fullsky, rotated)",skymap-thumbnail,https://data.cardiffgravity.org/gwcat-data/data/png/GW170823_moll_rot.thumb.png
173,,2019-06-02T22:39:10.242,GW170823,Skymap (no annotations),skymap-plain,https://data.cardiffgravity.org/gwcat-data/data/gravoscope/GW170823_8192.png
174,,2018-12-07T23:50:48.096,GW170823,Gravoscope tileset,gravoscope-tiles,https://data.cardiffgravity.org/gwcat-data/data/gravoscope/GW170823-tiles
175,,,S190513bm,GraceDB data,open-data,https://gracedb.ligo.org/api/superevents/S190513bm/
176,,,S190513bm,Sky Map,skymap-fits,https://gracedb.ligo.org/api/superevents/S190513bm/files/bayestar.fits.gz
177,,2019-06-02T05:47:52.273,S190513bm,Skymap (Cartesian zoomed),skymap-plot,https://data.cardiffgravity.org/gwcat-data/data/png/S190513bm_cartzoom.png
178,,2019-06-02T05:47:58.494,S190513bm,Skymap (Cartesian fullsky),skymap-plot,https://data.cardiffgravity.org/gwcat-data/data/png/S190513bm_cart.png
179,,2019-06-02T05:47:46.955,S190513bm,Skymap (Mollweide fullsky),skymap-plot,https://data.cardiffgravity.org/gwcat-data/data/png/S190513bm_moll.png
180,,2019-06-02T05:47:52.273,S190513bm,Skymap (Cartesian zoomed),skymap-thumbnail,https://data.cardiffgravity.org/gwcat-data/data/png/S190513bm_cartzoom.thumb.png
181,,2019-06-02T05:47:58.494,S190513bm,Skymap (Cartesian fullsky),skymap-thumbnail,https://data.cardiffgravity.org/gwcat-data/data/png/S190513bm_cart.thumb.png
182,,2019-06-02T05:47:46.955,S190513bm,Skymap (Mollweide fullsky),skymap-thumbnail,https://data.cardiffgravity.org/gwcat-data/data/png/S190513bm_moll.thumb.png
183,,,S190513bm,GraceDB data,open-data,https://gracedb.ligo.org/api/superevents/S190513bm/
184,,2019-06-02T05:48:19.270,S190513bm,"Skymap (Cartesian fullsky, rotated)",skymap-plot,https://data.cardiffgravity.org/gwcat-data/data/png/S190513bm_cart_rot.png
185,,2019-06-02T05:48:19.271,S190513bm,"Skymap (Cartesian fullsky, rotated)",skymap-thumbnail,https://data.cardiffgravity.org/gwcat-data/data/png/S190513bm_cart_rot.thumb.png
186,,2019-06-02T05:48:12.896,S190513bm,"Skymap (Mollweide fullsky, rotated)",skymap-plot,https://data.cardiffgravity.org/gwcat-data/data/png/S190513bm_moll_rot.png
187,,2019-06-02T05:48:12.896,S190513bm,"Skymap (Mollweide fullsky, rotated)",skymap-thumbnail,https://data.cardiffgravity.org/gwcat-data/data/png/S190513bm_moll_rot.thumb.png
188,,2019-06-02T22:41:44.958,S190513bm,Skymap (no annotations),skymap-plain,https://data.cardiffgravity.org/gwcat-data/data/gravoscope/S190513bm_8192.png
189,,2019-05-13T21:01:39.000,S190513bm,Gravoscope tileset,gravoscope-tiles,https://data.cardiffgravity.org/gwcat-data/data/gravoscope/S190513bm-tiles
190,,,S190512at,GraceDB data,open-data,https://gracedb.ligo.org/api/superevents/S190512at/
191,,,S190512at,Sky Map,skymap-fits,https://gracedb.ligo.org/api/superevents/S190512at/files/LALInference.fits.gz
192,,2019-06-02T05:47:16.978,S190512at,Skymap (Cartesian zoomed),skymap-plot,https://data.cardiffgravity.org/gwcat-data/data/png/S190512at_cartzoom.png
193,,2019-06-02T05:47:22.886,S190512at,Skymap (Cartesian fullsky),skymap-plot,https://data.cardiffgravity.org/gwcat-data/data/png/S190512at_cart.png
194,,2019-06-02T05:47:12.198,S190512at,Skymap (Mollweide fullsky),skymap-plot,https://data.cardiffgravity.org/gwcat-data/data/png/S190512at_moll.png
195,,2019-06-02T05:47:16.979,S190512at,Skymap (Cartesian zoomed),skymap-thumbnail,https://data.cardiffgravity.org/gwcat-data/data/png/S190512at_cartzoom.thumb.png
196,,2019-06-02T05:47:22.887,S190512at,Skymap (Cartesian fullsky),skymap-thumbnail,https://data.cardiffgravity.org/gwcat-data/data/png/S190512at_cart.thumb.png
197,,2019-06-02T05:47:12.199,S190512at,Skymap (Mollweide fullsky),skymap-thumbnail,https://data.cardiffgravity.org/gwcat-data/data/png/S190512at_moll.thumb.png
198,,,S190512at,GraceDB data,open-data,https://gracedb.ligo.org/api/superevents/S190512at/
199,,2019-06-02T05:47:35.638,S190512at,"Skymap (Cartesian fullsky, rotated)",skymap-plot,https://data.cardiffgravity.org/gwcat-data/data/png/S190512at_cart_rot.png
200,,2019-06-02T05:47:35.639,S190512at,"Skymap (Cartesian fullsky, rotated)",skymap-thumbnail,https://data.cardiffgravity.org/gwcat-data/data/png/S190512at_cart_rot.thumb.png
201,,2019-06-02T05:47:29.680,S190512at,"Skymap (Mollweide fullsky, rotated)",skymap-plot,https://data.cardiffgravity.org/gwcat-data/data/png/S190512at_moll_rot.png
202,,2019-06-02T05:47:29.680,S190512at,"Skymap (Mollweide fullsky, rotated)",skymap-thumbnail,https://data.cardiffgravity.org/gwcat-data/data/png/S190512at_moll_rot.thumb.png
203,,2019-06-02T22:41:26.290,S190512at,Skymap (no annotations),skymap-plain,https://data.cardiffgravity.org/gwcat-data/data/gravoscope/S190512at_8192.png
204,,2019-05-17T03:42:19.135,S190512at,Gravoscope tileset,gravoscope-tiles,https://data.cardiffgravity.org/gwcat-data/data/gravoscope/S190512at-tiles
205,,,S190510g,GraceDB data,open-data,https://gracedb.ligo.org/api/superevents/S190510g/
206,,,S190510g,Sky Map,skymap-fits,https://gracedb.ligo.org/api/superevents/S190510g/files/LALInference.fits.gz
207,,2019-06-02T05:46:39.362,S190510g,Skymap (Cartesian zoomed),skymap-plot,https://data.cardiffgravity.org/gwcat-data/data/png/S190510g_cartzoom.png
208,,2019-06-02T05:46:47.195,S190510g,Skymap (Cartesian fullsky),skymap-plot,https://data.cardiffgravity.org/gwcat-data/data/png/S190510g_cart.png
209,,2019-06-02T05:46:32.439,S190510g,Skymap (Mollweide fullsky),skymap-plot,https://data.cardiffgravity.org/gwcat-data/data/png/S190510g_moll.png
210,,2019-06-02T05:46:39.363,S190510g,Skymap (Cartesian zoomed),skymap-thumbnail,https://data.cardiffgravity.org/gwcat-data/data/png/S190510g_cartzoom.thumb.png
211,,2019-06-02T05:46:47.196,S190510g,Skymap (Cartesian fullsky),skymap-thumbnail,https://data.cardiffgravity.org/gwcat-data/data/png/S190510g_cart.thumb.png
212,,2019-06-02T05:46:32.440,S190510g,Skymap (Mollweide fullsky),skymap-thumbnail,https://data.cardiffgravity.org/gwcat-data/data/png/S190510g_moll.thumb.png
213,,,S190510g,GraceDB data,open-data,https://gracedb.ligo.org/api/superevents/S190510g/
214,,2019-06-02T05:47:01.664,S190510g,"Skymap (Cartesian fullsky, rotated)",skymap-plot,https://data.cardiffgravity.org/gwcat-data/data/png/S190510g_cart_rot.png
215,,2019-06-02T05:47:01.664,S190510g,"Skymap (Cartesian fullsky, rotated)",skymap-thumbnail,https://data.cardiffgravity.org/gwcat-data/data/png/S190510g_cart_rot.thumb.png
216,,2019-06-02T05:46:54.879,S190510g,"Skymap (Mollweide fullsky, rotated)",skymap-plot,https://data.cardiffgravity.org/gwcat-data/data/png/S190510g_moll_rot.png
217,,2019-06-02T05:46:54.880,S190510g,"Skymap (Mollweide fullsky, rotated)",skymap-thumbnail,https://data.cardiffgravity.org/gwcat-data/data/png/S190510g_moll_rot.thumb.png
218,,2019-06-02T22:41:07.539,S190510g,Skymap (no annotations),skymap-plain,https://data.cardiffgravity.org/gwcat-data/data/gravoscope/S190510g_8192.png
219,,2019-05-10T08:40:18.607,S190510g,Gravoscope tileset,gravoscope-tiles,https://data.cardiffgravity.org/gwcat-data/data/gravoscope/S190510g-tiles
220,,,S190503bf,GraceDB data,open-data,https://gracedb.ligo.org/api/superevents/S190503bf/
221,,,S190503bf,Sky Map,skymap-fits,https://gracedb.ligo.org/api/superevents/S190503bf/files/bayestar.fits.gz
222,,2019-06-02T05:45:57.882,S190503bf,Skymap (Cartesian zoomed),skymap-plot,https://data.cardiffgravity.org/gwcat-data/data/png/S190503bf_cartzoom.png
223,,2019-06-02T05:46:03.107,S190503bf,Skymap (Cartesian fullsky),skymap-plot,https://data.cardiffgravity.org/gwcat-data/data/png/S190503bf_cart.png
224,,2019-06-02T05:45:53.837,S190503bf,Skymap (Mollweide fullsky),skymap-plot,https://data.cardiffgravity.org/gwcat-data/data/png/S190503bf_moll.png
225,,2019-06-02T05:45:57.883,S190503bf,Skymap (Cartesian zoomed),skymap-thumbnail,https://data.cardiffgravity.org/gwcat-data/data/png/S190503bf_cartzoom.thumb.png
226,,2019-06-02T05:46:03.108,S190503bf,Skymap (Cartesian fullsky),skymap-thumbnail,https://data.cardiffgravity.org/gwcat-data/data/png/S190503bf_cart.thumb.png
227,,2019-06-02T05:45:53.838,S190503bf,Skymap (Mollweide fullsky),skymap-thumbnail,https://data.cardiffgravity.org/gwcat-data/data/png/S190503bf_moll.thumb.png
228,,,S190503bf,GraceDB data,open-data,https://gracedb.ligo.org/api/superevents/S190503bf/
229,,2019-06-02T05:46:15.697,S190503bf,"Skymap (Cartesian fullsky, rotated)",skymap-plot,https://data.cardiffgravity.org/gwcat-data/data/png/S190503bf_cart_rot.png
230,,2019-06-02T05:46:15.697,S190503bf,"Skymap (Cartesian fullsky, rotated)",skymap-thumbnail,https://data.cardiffgravity.org/gwcat-data/data/png/S190503bf_cart_rot.thumb.png
231,,2019-06-02T05:46:09.583,S190503bf,"Skymap (Mollweide fullsky, rotated)",skymap-plot,https://data.cardiffgravity.org/gwcat-data/data/png/S190503bf_moll_rot.png
232,,2019-06-02T05:46:09.583,S190503bf,"Skymap (Mollweide fullsky, rotated)",skymap-thumbnail,https://data.cardiffgravity.org/gwcat-data/data/png/S190503bf_moll_rot.thumb.png
233,,2019-06-02T22:40:48.921,S190503bf,Skymap (no annotations),skymap-plain,https://data.cardiffgravity.org/gwcat-data/data/gravoscope/S190503bf_8192.png
234,,2019-05-03T19:00:50.000,S190503bf,Gravoscope tileset,gravoscope-tiles,https://data.cardiffgravity.org/gwcat-data/data/gravoscope/S190503bf-tiles
235,,,S190426c,GraceDB data,open-data,https://gracedb.ligo.org/api/superevents/S190426c/
236,,,S190426c,Sky Map,skymap-fits,https://gracedb.ligo.org/api/superevents/S190426c/files/LALInference1.fits.gz
237,,2019-06-02T05:45:24.444,S190426c,Skymap (Cartesian zoomed),skymap-plot,https://data.cardiffgravity.org/gwcat-data/data/png/S190426c_cartzoom.png
238,,2019-06-02T05:45:29.660,S190426c,Skymap (Cartesian fullsky),skymap-plot,https://data.cardiffgravity.org/gwcat-data/data/png/S190426c_cart.png
239,,2019-06-02T05:45:20.236,S190426c,Skymap (Mollweide fullsky),skymap-plot,https://data.cardiffgravity.org/gwcat-data/data/png/S190426c_moll.png
240,,2019-06-02T05:45:24.444,S190426c,Skymap (Cartesian zoomed),skymap-thumbnail,https://data.cardiffgravity.org/gwcat-data/data/png/S190426c_cartzoom.thumb.png
241,,2019-06-02T05:45:29.660,S190426c,Skymap (Cartesian fullsky),skymap-thumbnail,https://data.cardiffgravity.org/gwcat-data/data/png/S190426c_cart.thumb.png
242,,2019-06-02T05:45:20.237,S190426c,Skymap (Mollweide fullsky),skymap-thumbnail,https://data.cardiffgravity.org/gwcat-data/data/png/S190426c_moll.thumb.png
243,,,S190426c,GraceDB data,open-data,https://gracedb.ligo.org/api/superevents/S190426c/
244,,2019-06-02T05:45:46.681,S190426c,"Skymap (Cartesian fullsky, rotated)",skymap-plot,https://data.cardiffgravity.org/gwcat-data/data/png/S190426c_cart_rot.png
245,,2019-06-02T05:45:46.681,S190426c,"Skymap (Cartesian fullsky, rotated)",skymap-thumbnail,https://data.cardiffgravity.org/gwcat-data/data/png/S190426c_cart_rot.thumb.png
246,,2019-06-02T05:45:35.843,S190426c,"Skymap (Mollweide fullsky, rotated)",skymap-plot,https://data.cardiffgravity.org/gwcat-data/data/png/S190426c_moll_rot.png
247,,2019-06-02T05:45:35.844,S190426c,"Skymap (Mollweide fullsky, rotated)",skymap-thumbnail,https://data.cardiffgravity.org/gwcat-data/data/png/S190426c_moll_rot.thumb.png
248,,2019-06-02T22:40:33.260,S190426c,Skymap (no annotations),skymap-plain,https://data.cardiffgravity.org/gwcat-data/data/gravoscope/S190426c_8192.png
249,,2019-04-27T06:15:06.697,S190426c,Gravoscope tileset,gravoscope-tiles,https://data.cardiffgravity.org/gwcat-data/data/gravoscope/S190426c-tiles
250,,,S190425z,GraceDB data,open-data,https://gracedb.ligo.org/api/superevents/S190425z/
251,,,S190425z,Sky Map,skymap-fits,https://gracedb.ligo.org/api/superevents/S190425z/files/LALInference.fits.gz
252,,2019-06-02T05:44:56.533,S190425z,Skymap (Cartesian zoomed),skymap-plot,https://data.cardiffgravity.org/gwcat-data/data/png/S190425z_cartzoom.png
253,,2019-06-02T05:45:01.723,S190425z,Skymap (Cartesian fullsky),skymap-plot,https://data.cardiffgravity.org/gwcat-data/data/png/S190425z_cart.png
254,,2019-06-02T05:44:52.451,S190425z,Skymap (Mollweide fullsky),skymap-plot,https://data.cardiffgravity.org/gwcat-data/data/png/S190425z_moll.png
255,,2019-06-02T05:44:56.534,S190425z,Skymap (Cartesian zoomed),skymap-thumbnail,https://data.cardiffgravity.org/gwcat-data/data/png/S190425z_cartzoom.thumb.png
256,,2019-06-02T05:45:01.723,S190425z,Skymap (Cartesian fullsky),skymap-thumbnail,https://data.cardiffgravity.org/gwcat-data/data/png/S190425z_cart.thumb.png
257,,2019-06-02T05:44:52.451,S190425z,Skymap (Mollweide fullsky),skymap-thumbnail,https://data.cardiffgravity.org/gwcat-data/data/png/S190425z_moll.thumb.png
258,,,S190425z,GraceDB data,open-data,https://gracedb.ligo.org/api/superevents/S190425z/
259,,2019-06-02T05:45:13.111,S190425z,"Skymap (Cartesian fullsky, rotated)",skymap-plot,https://data.cardiffgravity.org/gwcat-data/data/png/S190425z_cart_rot.png
260,,2019-06-02T05:45:13.111,S190425z,"Skymap (Cartesian fullsky, rotated)",skymap-thumbnail,https://data.cardiffgravity.org/gwcat-data/data/png/S190425z_cart_rot.thumb.png
261,,2019-06-02T05:45:07.844,S190425z,"Skymap (Mollweide fullsky, rotated)",skymap-plot,https://data.cardiffgravity.org/gwcat-data/data/png/S190425z_moll_rot.png
262,,2019-06-02T05:45:07.844,S190425z,"Skymap (Mollweide fullsky, rotated)",skymap-thumbnail,https://data.cardiffgravity.org/gwcat-data/data/png/S190425z_moll_rot.thumb.png
263,,2019-06-02T22:40:17.673,S190425z,Skymap (no annotations),skymap-plain,https://data.cardiffgravity.org/gwcat-data/data/gravoscope/S190425z_8192.png
264,,2019-04-26T03:26:13.344,S190425z,Gravoscope tileset,gravoscope-tiles,https://data.cardiffgravity.org/gwcat-data/data/gravoscope/S190425z-tiles
265,,,S190421ar,GraceDB data,open-data,https://gracedb.ligo.org/api/superevents/S190421ar/
266,,,S190421ar,Sky Map,skymap-fits,https://gracedb.ligo.org/api/superevents/S190421ar/files/LALInference.fits.gz
267,,2019-06-02T05:44:29.480,S190421ar,Skymap (Cartesian zoomed),skymap-plot,https://data.cardiffgravity.org/gwcat-data/data/png/S190421ar_cartzoom.png
268,,2019-06-02T05:44:34.732,S190421ar,Skymap (Cartesian fullsky),skymap-plot,https://data.cardiffgravity.org/gwcat-data/data/png/S190421ar_cart.png
269,,2019-06-02T05:44:25.484,S190421ar,Skymap (Mollweide fullsky),skymap-plot,https://data.cardiffgravity.org/gwcat-data/data/png/S190421ar_moll.png
270,,2019-06-02T05:44:29.480,S190421ar,Skymap (Cartesian zoomed),skymap-thumbnail,https://data.cardiffgravity.org/gwcat-data/data/png/S190421ar_cartzoom.thumb.png
271,,2019-06-02T05:44:34.733,S190421ar,Skymap (Cartesian fullsky),skymap-thumbnail,https://data.cardiffgravity.org/gwcat-data/data/png/S190421ar_cart.thumb.png
272,,2019-06-02T05:44:25.485,S190421ar,Skymap (Mollweide fullsky),skymap-thumbnail,https://data.cardiffgravity.org/gwcat-data/data/png/S190421ar_moll.thumb.png
273,,,S190421ar,GraceDB data,open-data,https://gracedb.ligo.org/api/superevents/S190421ar/
274,,2019-06-02T05:44:46.176,S190421ar,"Skymap (Cartesian fullsky, rotated)",skymap-plot,https://data.cardiffgravity.org/gwcat-data/data/png/S190421ar_cart_rot.png
275,,2019-06-02T05:44:46.176,S190421ar,"Skymap (Cartesian fullsky, rotated)",skymap-thumbnail,https://data.cardiffgravity.org/gwcat-data/data/png/S190421ar_cart_rot.thumb.png
276,,2019-06-02T05:44:40.993,S190421ar,"Skymap (Mollweide fullsky, rotated)",skymap-plot,https://data.cardiffgravity.org/gwcat-data/data/png/S190421ar_moll_rot.png
277,,2019-06-02T05:44:40.993,S190421ar,"Skymap (Mollweide fullsky, rotated)",skymap-thumbnail,https://data.cardiffgravity.org/gwcat-data/data/png/S190421ar_moll_rot.thumb.png
278,,2019-06-02T22:40:02.811,S190421ar,Skymap (no annotations),skymap-plain,https://data.cardiffgravity.org/gwcat-data/data/gravoscope/S190421ar_8192.png
279,,2019-05-03T07:33:43.416,S190421ar,Gravoscope tileset,gravoscope-tiles,https://data.cardiffgravity.org/gwcat-data/data/gravoscope/S190421ar-tiles
280,,,S190412m,GraceDB data,open-data,https://gracedb.ligo.org/api/superevents/S190412m/
281,,,S190412m,Sky Map,skymap-fits,https://gracedb.ligo.org/api/superevents/S190412m/files/bayestar.fits.gz
282,,2019-06-02T05:43:56.145,S190412m,Skymap (Cartesian zoomed),skymap-plot,https://data.cardiffgravity.org/gwcat-data/data/png/S190412m_cartzoom.png
283,,2019-06-02T05:44:01.957,S190412m,Skymap (Cartesian fullsky),skymap-plot,https://data.cardiffgravity.org/gwcat-data/data/png/S190412m_cart.png
284,,2019-06-02T05:43:51.612,S190412m,Skymap (Mollweide fullsky),skymap-plot,https://data.cardiffgravity.org/gwcat-data/data/png/S190412m_moll.png
285,,2019-06-02T05:43:56.146,S190412m,Skymap (Cartesian zoomed),skymap-thumbnail,https://data.cardiffgravity.org/gwcat-data/data/png/S190412m_cartzoom.thumb.png
286,,2019-06-02T05:44:01.958,S190412m,Skymap (Cartesian fullsky),skymap-thumbnail,https://data.cardiffgravity.org/gwcat-data/data/png/S190412m_cart.thumb.png
287,,2019-06-02T05:43:51.613,S190412m,Skymap (Mollweide fullsky),skymap-thumbnail,https://data.cardiffgravity.org/gwcat-data/data/png/S190412m_moll.thumb.png
288,,,S190412m,GraceDB data,open-data,https://gracedb.ligo.org/api/superevents/S190412m/
289,,2019-06-02T05:44:19.331,S190412m,"Skymap (Cartesian fullsky, rotated)",skymap-plot,https://data.cardiffgravity.org/gwcat-data/data/png/S190412m_cart_rot.png
290,,2019-06-02T05:44:19.331,S190412m,"Skymap (Cartesian fullsky, rotated)",skymap-thumbnail,https://data.cardiffgravity.org/gwcat-data/data/png/S190412m_cart_rot.thumb.png
291,,2019-06-02T05:44:13.214,S190412m,"Skymap (Mollweide fullsky, rotated)",skymap-plot,https://data.cardiffgravity.org/gwcat-data/data/png/S190412m_moll_rot.png
292,,2019-06-02T05:44:13.214,S190412m,"Skymap (Mollweide fullsky, rotated)",skymap-thumbnail,https://data.cardiffgravity.org/gwcat-data/data/png/S190412m_moll_rot.thumb.png
293,,2019-06-02T22:39:47.898,S190412m,Skymap (no annotations),skymap-plain,https://data.cardiffgravity.org/gwcat-data/data/gravoscope/S190412m_8192.png
294,,2019-04-12T05:31:53.000,S190412m,Gravoscope tileset,gravoscope-tiles,https://data.cardiffgravity.org/gwcat-data/data/gravoscope/S190412m-tiles
295,,,S190408an,GraceDB data,open-data,https://gracedb.ligo.org/api/superevents/S190408an/
296,,,S190408an,Sky Map,skymap-fits,https://gracedb.ligo.org/api/superevents/S190408an/files/bayestar.fits.gz
297,,2019-06-02T05:43:22.847,S190408an,Skymap (Cartesian zoomed),skymap-plot,https://data.cardiffgravity.org/gwcat-data/data/png/S190408an_cartzoom.png
298,,2019-06-02T05:43:22.848,S190408an,Skymap (Cartesian zoomed),skymap-thumbnail,https://data.cardiffgravity.org/gwcat-data/data/png/S190408an_cartzoom.thumb.png
299,,2019-06-02T05:43:28.612,S190408an,Skymap (Cartesian fullsky),skymap-plot,https://data.cardiffgravity.org/gwcat-data/data/png/S190408an_cart.png
300,,2019-06-02T05:43:28.613,S190408an,Skymap (Cartesian fullsky),skymap-thumbnail,https://data.cardiffgravity.org/gwcat-data/data/png/S190408an_cart.thumb.png
301,,2019-06-02T05:43:18.164,S190408an,Skymap (Mollweide fullsky),skymap-plot,https://data.cardiffgravity.org/gwcat-data/data/png/S190408an_moll.png
302,,2019-06-02T05:43:18.165,S190408an,Skymap (Mollweide fullsky),skymap-thumbnail,https://data.cardiffgravity.org/gwcat-data/data/png/S190408an_moll.thumb.png
303,,2019-06-02T05:43:41.179,S190408an,"Skymap (Cartesian fullsky, rotated)",skymap-plot,https://data.cardiffgravity.org/gwcat-data/data/png/S190408an_cart_rot.png
304,,2019-06-02T05:43:41.180,S190408an,"Skymap (Cartesian fullsky, rotated)",skymap-thumbnail,https://data.cardiffgravity.org/gwcat-data/data/png/S190408an_cart_rot.thumb.png
305,,2019-06-02T05:43:35.308,S190408an,"Skymap (Mollweide fullsky, rotated)",skymap-plot,https://data.cardiffgravity.org/gwcat-data/data/png/S190408an_moll_rot.png
306,,2019-06-02T05:43:35.308,S190408an,"Skymap (Mollweide fullsky, rotated)",skymap-thumbnail,https://data.cardiffgravity.org/gwcat-data/data/png/S190408an_moll_rot.thumb.png
307,,,S190408an,GraceDB data,open-data,https://gracedb.ligo.org/api/superevents/S190408an/
308,,2019-06-02T22:39:29.073,S190408an,Skymap (no annotations),skymap-plain,https://data.cardiffgravity.org/gwcat-data/data/gravoscope/S190408an_8192.png
309,,2019-04-08T18:24:15.000,S190408an,Gravoscope tileset,gravoscope-tiles,https://data.cardiffgravity.org/gwcat-data/data/gravoscope/S190408an-tiles
310,,,S190517h,GraceDB data,open-data,https://gracedb.ligo.org/api/superevents/S190517h/
311,,,S190517h,Sky Map,skymap-fits,https://gracedb.ligo.org/api/superevents/S190517h/files/bayestar.fits.gz
312,,2019-06-02T05:48:30.726,S190517h,Skymap (Mollweide fullsky),skymap-plot,https://data.cardiffgravity.org/gwcat-data/data/png/S190517h_moll.png
313,,2019-06-02T05:48:30.726,S190517h,Skymap (Mollweide fullsky),skymap-thumbnail,https://data.cardiffgravity.org/gwcat-data/data/png/S190517h_moll.thumb.png
314,,2019-06-02T05:48:36.112,S190517h,Skymap (Cartesian zoomed),skymap-plot,https://data.cardiffgravity.org/gwcat-data/data/png/S190517h_cartzoom.png
315,,2019-06-02T05:48:36.112,S190517h,Skymap (Cartesian zoomed),skymap-thumbnail,https://data.cardiffgravity.org/gwcat-data/data/png/S190517h_cartzoom.thumb.png
316,,2019-06-02T05:48:42.415,S190517h,Skymap (Cartesian fullsky),skymap-plot,https://data.cardiffgravity.org/gwcat-data/data/png/S190517h_cart.png
317,,2019-06-02T05:48:42.415,S190517h,Skymap (Cartesian fullsky),skymap-thumbnail,https://data.cardiffgravity.org/gwcat-data/data/png/S190517h_cart.thumb.png
318,,2019-06-02T05:48:49.882,S190517h,"Skymap (Mollweide fullsky, rotated)",skymap-plot,https://data.cardiffgravity.org/gwcat-data/data/png/S190517h_moll_rot.png
319,,2019-06-02T05:48:49.883,S190517h,"Skymap (Mollweide fullsky, rotated)",skymap-thumbnail,https://data.cardiffgravity.org/gwcat-data/data/png/S190517h_moll_rot.thumb.png
320,,2019-06-02T05:48:56.293,S190517h,"Skymap (Cartesian fullsky, rotated)",skymap-plot,https://data.cardiffgravity.org/gwcat-data/data/png/S190517h_cart_rot.png
321,,2019-06-02T05:48:56.293,S190517h,"Skymap (Cartesian fullsky, rotated)",skymap-thumbnail,https://data.cardiffgravity.org/gwcat-data/data/png/S190517h_cart_rot.thumb.png
322,,,S190517h,GraceDB data,open-data,https://gracedb.ligo.org/api/superevents/S190517h/
323,,2019-06-02T22:42:03.409,S190517h,Skymap (no annotations),skymap-plain,https://data.cardiffgravity.org/gwcat-data/data/gravoscope/S190517h_8192.png
324,,2019-05-17T05:54:28.000,S190517h,Gravoscope tileset,gravoscope-tiles,https://data.cardiffgravity.org/gwcat-data/data/gravoscope/S190517h-tiles
325,,,S190519bj,GraceDB data,open-data,https://gracedb.ligo.org/api/superevents/S190519bj/
326,,,S190519bj,Sky Map,skymap-fits,https://gracedb.ligo.org/api/superevents/S190519bj/files/bayestar.fits.gz
327,,2019-06-02T05:49:03.335,S190519bj,Skymap (Mollweide fullsky),skymap-plot,https://data.cardiffgravity.org/gwcat-data/data/png/S190519bj_moll.png
328,,2019-06-02T05:49:03.336,S190519bj,Skymap (Mollweide fullsky),skymap-thumbnail,https://data.cardiffgravity.org/gwcat-data/data/png/S190519bj_moll.thumb.png
329,,2019-06-02T05:49:07.652,S190519bj,Skymap (Cartesian zoomed),skymap-plot,https://data.cardiffgravity.org/gwcat-data/data/png/S190519bj_cartzoom.png
330,,2019-06-02T05:49:07.653,S190519bj,Skymap (Cartesian zoomed),skymap-thumbnail,https://data.cardiffgravity.org/gwcat-data/data/png/S190519bj_cartzoom.thumb.png
331,,2019-06-02T05:49:13.172,S190519bj,Skymap (Cartesian fullsky),skymap-plot,https://data.cardiffgravity.org/gwcat-data/data/png/S190519bj_cart.png
332,,2019-06-02T05:49:13.173,S190519bj,Skymap (Cartesian fullsky),skymap-thumbnail,https://data.cardiffgravity.org/gwcat-data/data/png/S190519bj_cart.thumb.png
333,,2019-06-02T05:49:19.692,S190519bj,"Skymap (Mollweide fullsky, rotated)",skymap-plot,https://data.cardiffgravity.org/gwcat-data/data/png/S190519bj_moll_rot.png
334,,2019-06-02T05:49:19.692,S190519bj,"Skymap (Mollweide fullsky, rotated)",skymap-thumbnail,https://data.cardiffgravity.org/gwcat-data/data/png/S190519bj_moll_rot.thumb.png
335,,2019-06-02T05:49:25.301,S190519bj,"Skymap (Cartesian fullsky, rotated)",skymap-plot,https://data.cardiffgravity.org/gwcat-data/data/png/S190519bj_cart_rot.png
336,,2019-06-02T05:49:25.302,S190519bj,"Skymap (Cartesian fullsky, rotated)",skymap-thumbnail,https://data.cardiffgravity.org/gwcat-data/data/png/S190519bj_cart_rot.thumb.png
337,,,S190519bj,GraceDB data,open-data,https://gracedb.ligo.org/api/superevents/S190519bj/
338,,2019-06-02T22:42:18.906,S190519bj,Skymap (no annotations),skymap-plain,https://data.cardiffgravity.org/gwcat-data/data/gravoscope/S190519bj_8192.png
339,,2019-05-19T15:43:31.000,S190519bj,Gravoscope tileset,gravoscope-tiles,https://data.cardiffgravity.org/gwcat-data/data/gravoscope/S190519bj-tiles
340,,,S190521g,GraceDB data,open-data,https://gracedb.ligo.org/api/superevents/S190521g/
341,,,S190521g,Sky Map,skymap-fits,https://gracedb.ligo.org/api/superevents/S190521g/files/LALInference.fits.gz
342,,2019-06-02T05:49:32.725,S190521g,Skymap (Mollweide fullsky),skymap-plot,https://data.cardiffgravity.org/gwcat-data/data/png/S190521g_moll.png
343,,2019-06-02T05:49:32.726,S190521g,Skymap (Mollweide fullsky),skymap-thumbnail,https://data.cardiffgravity.org/gwcat-data/data/png/S190521g_moll.thumb.png
344,,2019-06-02T05:49:37.170,S190521g,Skymap (Cartesian zoomed),skymap-plot,https://data.cardiffgravity.org/gwcat-data/data/png/S190521g_cartzoom.png
345,,2019-06-02T05:49:37.171,S190521g,Skymap (Cartesian zoomed),skymap-thumbnail,https://data.cardiffgravity.org/gwcat-data/data/png/S190521g_cartzoom.thumb.png
346,,2019-06-02T05:49:42.854,S190521g,Skymap (Cartesian fullsky),skymap-plot,https://data.cardiffgravity.org/gwcat-data/data/png/S190521g_cart.png
347,,2019-06-02T05:49:42.855,S190521g,Skymap (Cartesian fullsky),skymap-thumbnail,https://data.cardiffgravity.org/gwcat-data/data/png/S190521g_cart.thumb.png
348,,2019-06-02T05:49:49.412,S190521g,"Skymap (Mollweide fullsky, rotated)",skymap-plot,https://data.cardiffgravity.org/gwcat-data/data/png/S190521g_moll_rot.png
349,,2019-06-02T05:49:49.413,S190521g,"Skymap (Mollweide fullsky, rotated)",skymap-thumbnail,https://data.cardiffgravity.org/gwcat-data/data/png/S190521g_moll_rot.thumb.png
350,,2019-06-02T05:49:54.950,S190521g,"Skymap (Cartesian fullsky, rotated)",skymap-plot,https://data.cardiffgravity.org/gwcat-data/data/png/S190521g_cart_rot.png
351,,2019-06-02T05:49:54.951,S190521g,"Skymap (Cartesian fullsky, rotated)",skymap-thumbnail,https://data.cardiffgravity.org/gwcat-data/data/png/S190521g_cart_rot.thumb.png
352,,,S190521g,GraceDB data,open-data,https://gracedb.ligo.org/api/superevents/S190521g/
353,,2019-06-02T22:42:34.416,S190521g,Skymap (no annotations),skymap-plain,https://data.cardiffgravity.org/gwcat-data/data/gravoscope/S190521g_8192.png
354,,2019-05-21T06:41:11.606,S190521g,Gravoscope tileset,gravoscope-tiles,https://data.cardiffgravity.org/gwcat-data/data/gravoscope/S190521g-tiles
355,,,S190521r,GraceDB data,open-data,https://gracedb.ligo.org/api/superevents/S190521r/
356,,,S190521r,Sky Map,skymap-fits,https://gracedb.ligo.org/api/superevents/S190521r/files/bayestar.fits.gz
357,,2019-06-02T05:50:02.120,S190521r,Skymap (Mollweide fullsky),skymap-plot,https://data.cardiffgravity.org/gwcat-data/data/png/S190521r_moll.png
358,,2019-06-02T05:50:02.120,S190521r,Skymap (Mollweide fullsky),skymap-thumbnail,https://data.cardiffgravity.org/gwcat-data/data/png/S190521r_moll.thumb.png
359,,2019-06-02T05:50:06.380,S190521r,Skymap (Cartesian zoomed),skymap-plot,https://data.cardiffgravity.org/gwcat-data/data/png/S190521r_cartzoom.png
360,,2019-06-02T05:50:06.380,S190521r,Skymap (Cartesian zoomed),skymap-thumbnail,https://data.cardiffgravity.org/gwcat-data/data/png/S190521r_cartzoom.thumb.png
361,,2019-06-02T05:50:11.761,S190521r,Skymap (Cartesian fullsky),skymap-plot,https://data.cardiffgravity.org/gwcat-data/data/png/S190521r_cart.png
362,,2019-06-02T05:50:11.763,S190521r,Skymap (Cartesian fullsky),skymap-thumbnail,https://data.cardiffgravity.org/gwcat-data/data/png/S190521r_cart.thumb.png
363,,2019-06-02T05:50:18.170,S190521r,"Skymap (Mollweide fullsky, rotated)",skymap-plot,https://data.cardiffgravity.org/gwcat-data/data/png/S190521r_moll_rot.png
364,,2019-06-02T05:50:18.170,S190521r,"Skymap (Mollweide fullsky, rotated)",skymap-thumbnail,https://data.cardiffgravity.org/gwcat-data/data/png/S190521r_moll_rot.thumb.png
365,,2019-06-02T05:50:23.613,S190521r,"Skymap (Cartesian fullsky, rotated)",skymap-plot,https://data.cardiffgravity.org/gwcat-data/data/png/S190521r_cart_rot.png
366,,2019-06-02T05:50:23.613,S190521r,"Skymap (Cartesian fullsky, rotated)",skymap-thumbnail,https://data.cardiffgravity.org/gwcat-data/data/png/S190521r_cart_rot.thumb.png
367,,,S190521r,GraceDB data,open-data,https://gracedb.ligo.org/api/superevents/S190521r/
368,,2019-06-02T22:42:50.129,S190521r,Skymap (no annotations),skymap-plain,https://data.cardiffgravity.org/gwcat-data/data/gravoscope/S190521r_8192.png
369,,2019-05-21T07:47:09.000,S190521r,Gravoscope tileset,gravoscope-tiles,https://data.cardiffgravity.org/gwcat-data/data/gravoscope/S190521r-tiles
370,,,S190602aq,GraceDB data,open-data,https://gracedb.ligo.org/api/superevents/S190602aq/
371,,,S190602aq,Sky Map,skymap-fits,https://gracedb.ligo.org/api/superevents/S190602aq/files/bayestar.fits.gz
372,,2019-06-02T22:42:57.592,S190602aq,Skymap (Mollweide fullsky),skymap-plot,https://data.cardiffgravity.org/gwcat-data/data/png/S190602aq_moll.png
373,,2019-06-02T22:42:57.592,S190602aq,Skymap (Mollweide fullsky),skymap-thumbnail,https://data.cardiffgravity.org/gwcat-data/data/png/S190602aq_moll.thumb.png
374,,2019-06-02T22:43:02.204,S190602aq,Skymap (Cartesian zoomed),skymap-plot,https://data.cardiffgravity.org/gwcat-data/data/png/S190602aq_cartzoom.png
375,,2019-06-02T22:43:02.204,S190602aq,Skymap (Cartesian zoomed),skymap-thumbnail,https://data.cardiffgravity.org/gwcat-data/data/png/S190602aq_cartzoom.thumb.png
376,,2019-06-02T22:43:07.911,S190602aq,Skymap (Cartesian fullsky),skymap-plot,https://data.cardiffgravity.org/gwcat-data/data/png/S190602aq_cart.png
377,,2019-06-02T22:43:07.912,S190602aq,Skymap (Cartesian fullsky),skymap-thumbnail,https://data.cardiffgravity.org/gwcat-data/data/png/S190602aq_cart.thumb.png
378,,2019-06-02T22:43:14.772,S190602aq,"Skymap (Mollweide fullsky, rotated)",skymap-plot,https://data.cardiffgravity.org/gwcat-data/data/png/S190602aq_moll_rot.png
379,,2019-06-02T22:43:14.774,S190602aq,"Skymap (Mollweide fullsky, rotated)",skymap-thumbnail,https://data.cardiffgravity.org/gwcat-data/data/png/S190602aq_moll_rot.thumb.png
380,,2019-06-02T22:43:20.847,S190602aq,"Skymap (Cartesian fullsky, rotated)",skymap-plot,https://data.cardiffgravity.org/gwcat-data/data/png/S190602aq_cart_rot.png
381,,2019-06-02T22:43:20.847,S190602aq,"Skymap (Cartesian fullsky, rotated)",skymap-thumbnail,https://data.cardiffgravity.org/gwcat-data/data/png/S190602aq_cart_rot.thumb.png
382,,2019-06-02T22:43:36.188,S190602aq,Skymap (no annotations),skymap-plain,https://data.cardiffgravity.org/gwcat-data/data/gravoscope/S190602aq_8192.png
383,,2019-06-02T18:00:36.000,S190602aq,Gravoscope tileset,gravoscope-tiles,https://data.cardiffgravity.org/gwcat-data/data/gravoscope/S190602aq-tiles
384,,,S190630ag,GraceDB data,open-data,https://gracedb.ligo.org/api/superevents/S190630ag/
385,,,S190630ag,Sky Map,skymap-fits,https://gracedb.ligo.org/api/superevents/S190630ag/files/LALInference.offline.fits.gz
386,,2019-07-19T21:23:59.347,S190630ag,Skymap (Mollweide fullsky),skymap-plot,https://data.cardiffgravity.org/gwcat-data/data/png/S190630ag_moll.png
387,,2019-07-19T21:23:59.347,S190630ag,Skymap (Mollweide fullsky),skymap-thumbnail,https://data.cardiffgravity.org/gwcat-data/data/png/S190630ag_moll.thumb.png
388,,2019-07-19T21:24:10.021,S190630ag,Skymap (Cartesian zoomed),skymap-plot,https://data.cardiffgravity.org/gwcat-data/data/png/S190630ag_cartzoom.png
389,,2019-07-19T21:24:10.023,S190630ag,Skymap (Cartesian zoomed),skymap-thumbnail,https://data.cardiffgravity.org/gwcat-data/data/png/S190630ag_cartzoom.thumb.png
390,,2019-07-19T21:24:24.222,S190630ag,Skymap (Cartesian fullsky),skymap-plot,https://data.cardiffgravity.org/gwcat-data/data/png/S190630ag_cart.png
391,,2019-07-19T21:24:24.222,S190630ag,Skymap (Cartesian fullsky),skymap-thumbnail,https://data.cardiffgravity.org/gwcat-data/data/png/S190630ag_cart.thumb.png
392,,2019-07-19T21:24:36.477,S190630ag,"Skymap (Mollweide fullsky, rotated)",skymap-plot,https://data.cardiffgravity.org/gwcat-data/data/png/S190630ag_moll_rot.png
393,,2019-07-19T21:24:36.478,S190630ag,"Skymap (Mollweide fullsky, rotated)",skymap-thumbnail,https://data.cardiffgravity.org/gwcat-data/data/png/S190630ag_moll_rot.thumb.png
394,,2019-07-19T21:24:49.065,S190630ag,"Skymap (Cartesian fullsky, rotated)",skymap-plot,https://data.cardiffgravity.org/gwcat-data/data/png/S190630ag_cart_rot.png
395,,2019-07-19T21:24:49.065,S190630ag,"Skymap (Cartesian fullsky, rotated)",skymap-thumbnail,https://data.cardiffgravity.org/gwcat-data/data/png/S190630ag_cart_rot.thumb.png
396,,2019-07-19T21:25:13.761,S190630ag,Skymap (no annotations),skymap-plain,https://data.cardiffgravity.org/gwcat-data/data/gravoscope/S190630ag_8192.png
397,,2019-07-19T21:38:25.682,S190630ag,Gravoscope tileset,gravoscope-tiles,https://data.cardiffgravity.org/gwcat-data/data/gravoscope/S190630ag-tiles
398,,,S190630ag,GraceDB data,open-data,https://gracedb.ligo.org/api/superevents/S190630ag/
399,,,S190701ah,GraceDB data,open-data,https://gracedb.ligo.org/api/superevents/S190701ah/
400,,,S190701ah,Sky Map,skymap-fits,https://gracedb.ligo.org/api/superevents/S190701ah/files/LALInference.offline.fits.gz
401,,2019-07-07T07:41:40.650,S190701ah,Skymap (Mollweide fullsky),skymap-plot,https://data.cardiffgravity.org/gwcat-data/data/png/S190701ah_moll.png
402,,2019-07-07T07:41:40.651,S190701ah,Skymap (Mollweide fullsky),skymap-thumbnail,https://data.cardiffgravity.org/gwcat-data/data/png/S190701ah_moll.thumb.png
403,,2019-07-07T07:41:46.113,S190701ah,Skymap (Cartesian zoomed),skymap-plot,https://data.cardiffgravity.org/gwcat-data/data/png/S190701ah_cartzoom.png
404,,2019-07-07T07:41:46.114,S190701ah,Skymap (Cartesian zoomed),skymap-thumbnail,https://data.cardiffgravity.org/gwcat-data/data/png/S190701ah_cartzoom.thumb.png
405,,2019-07-07T07:41:53.310,S190701ah,Skymap (Cartesian fullsky),skymap-plot,https://data.cardiffgravity.org/gwcat-data/data/png/S190701ah_cart.png
406,,2019-07-07T07:41:53.310,S190701ah,Skymap (Cartesian fullsky),skymap-thumbnail,https://data.cardiffgravity.org/gwcat-data/data/png/S190701ah_cart.thumb.png
407,,2019-07-07T07:42:01.369,S190701ah,"Skymap (Mollweide fullsky, rotated)",skymap-plot,https://data.cardiffgravity.org/gwcat-data/data/png/S190701ah_moll_rot.png
408,,2019-07-07T07:42:01.370,S190701ah,"Skymap (Mollweide fullsky, rotated)",skymap-thumbnail,https://data.cardiffgravity.org/gwcat-data/data/png/S190701ah_moll_rot.thumb.png
409,,2019-07-07T07:42:08.109,S190701ah,"Skymap (Cartesian fullsky, rotated)",skymap-plot,https://data.cardiffgravity.org/gwcat-data/data/png/S190701ah_cart_rot.png
410,,2019-07-07T07:42:08.109,S190701ah,"Skymap (Cartesian fullsky, rotated)",skymap-thumbnail,https://data.cardiffgravity.org/gwcat-data/data/png/S190701ah_cart_rot.thumb.png
411,,2019-07-07T07:42:29.111,S190701ah,Skymap (no annotations),skymap-plain,https://data.cardiffgravity.org/gwcat-data/data/gravoscope/S190701ah_8192.png
412,,,S190701ah,GraceDB data,open-data,https://gracedb.ligo.org/api/superevents/S190701ah/
413,,2019-07-07T12:32:31.037,S190701ah,Gravoscope tileset,gravoscope-tiles,https://data.cardiffgravity.org/gwcat-data/data/gravoscope/S190701ah-tiles
414,,,S190706ai,GraceDB data,open-data,https://gracedb.ligo.org/api/superevents/S190706ai/
415,,,S190706ai,Sky Map,skymap-fits,https://gracedb.ligo.org/api/superevents/S190706ai/files/LALInference.offline.fits.gz
416,,2019-07-19T21:25:25.755,S190706ai,Skymap (Mollweide fullsky),skymap-plot,https://data.cardiffgravity.org/gwcat-data/data/png/S190706ai_moll.png
417,,2019-07-19T21:25:25.756,S190706ai,Skymap (Mollweide fullsky),skymap-thumbnail,https://data.cardiffgravity.org/gwcat-data/data/png/S190706ai_moll.thumb.png
418,,2019-07-19T21:25:33.955,S190706ai,Skymap (Cartesian zoomed),skymap-plot,https://data.cardiffgravity.org/gwcat-data/data/png/S190706ai_cartzoom.png
419,,2019-07-19T21:25:33.959,S190706ai,Skymap (Cartesian zoomed),skymap-thumbnail,https://data.cardiffgravity.org/gwcat-data/data/png/S190706ai_cartzoom.thumb.png
420,,2019-07-19T21:25:43.666,S190706ai,Skymap (Cartesian fullsky),skymap-plot,https://data.cardiffgravity.org/gwcat-data/data/png/S190706ai_cart.png
421,,2019-07-19T21:25:43.667,S190706ai,Skymap (Cartesian fullsky),skymap-thumbnail,https://data.cardiffgravity.org/gwcat-data/data/png/S190706ai_cart.thumb.png
422,,2019-07-19T21:25:52.681,S190706ai,"Skymap (Mollweide fullsky, rotated)",skymap-plot,https://data.cardiffgravity.org/gwcat-data/data/png/S190706ai_moll_rot.png
423,,2019-07-19T21:25:52.681,S190706ai,"Skymap (Mollweide fullsky, rotated)",skymap-thumbnail,https://data.cardiffgravity.org/gwcat-data/data/png/S190706ai_moll_rot.thumb.png
424,,2019-07-19T21:26:00.580,S190706ai,"Skymap (Cartesian fullsky, rotated)",skymap-plot,https://data.cardiffgravity.org/gwcat-data/data/png/S190706ai_cart_rot.png
425,,2019-07-19T21:26:00.581,S190706ai,"Skymap (Cartesian fullsky, rotated)",skymap-thumbnail,https://data.cardiffgravity.org/gwcat-data/data/png/S190706ai_cart_rot.thumb.png
426,,2019-07-19T21:26:18.153,S190706ai,Skymap (no annotations),skymap-plain,https://data.cardiffgravity.org/gwcat-data/data/gravoscope/S190706ai_8192.png
427,,2019-07-19T21:47:30.058,S190706ai,Gravoscope tileset,gravoscope-tiles,https://data.cardiffgravity.org/gwcat-data/data/gravoscope/S190706ai-tiles
428,,,S190706ai,GraceDB data,open-data,https://gracedb.ligo.org/api/superevents/S190706ai/
429,,,S190707q,GraceDB data,open-data,https://gracedb.ligo.org/api/superevents/S190707q/
430,,,S190707q,Sky Map,skymap-fits,https://gracedb.ligo.org/api/superevents/S190707q/files/LALInference.offline.fits.gz
431,,2019-07-19T21:26:27.640,S190707q,Skymap (Mollweide fullsky),skymap-plot,https://data.cardiffgravity.org/gwcat-data/data/png/S190707q_moll.png
432,,2019-07-19T21:26:27.640,S190707q,Skymap (Mollweide fullsky),skymap-thumbnail,https://data.cardiffgravity.org/gwcat-data/data/png/S190707q_moll.thumb.png
433,,2019-07-19T21:26:33.482,S190707q,Skymap (Cartesian zoomed),skymap-plot,https://data.cardiffgravity.org/gwcat-data/data/png/S190707q_cartzoom.png
434,,2019-07-19T21:26:33.482,S190707q,Skymap (Cartesian zoomed),skymap-thumbnail,https://data.cardiffgravity.org/gwcat-data/data/png/S190707q_cartzoom.thumb.png
435,,2019-07-19T21:26:40.670,S190707q,Skymap (Cartesian fullsky),skymap-plot,https://data.cardiffgravity.org/gwcat-data/data/png/S190707q_cart.png
436,,2019-07-19T21:26:40.670,S190707q,Skymap (Cartesian fullsky),skymap-thumbnail,https://data.cardiffgravity.org/gwcat-data/data/png/S190707q_cart.thumb.png
437,,2019-07-19T21:26:49.161,S190707q,"Skymap (Mollweide fullsky, rotated)",skymap-plot,https://data.cardiffgravity.org/gwcat-data/data/png/S190707q_moll_rot.png
438,,2019-07-19T21:26:49.161,S190707q,"Skymap (Mollweide fullsky, rotated)",skymap-thumbnail,https://data.cardiffgravity.org/gwcat-data/data/png/S190707q_moll_rot.thumb.png
439,,2019-07-19T21:26:56.688,S190707q,"Skymap (Cartesian fullsky, rotated)",skymap-plot,https://data.cardiffgravity.org/gwcat-data/data/png/S190707q_cart_rot.png
440,,2019-07-19T21:26:56.688,S190707q,"Skymap (Cartesian fullsky, rotated)",skymap-thumbnail,https://data.cardiffgravity.org/gwcat-data/data/png/S190707q_cart_rot.thumb.png
441,,2019-07-19T21:27:14.055,S190707q,Skymap (no annotations),skymap-plain,https://data.cardiffgravity.org/gwcat-data/data/gravoscope/S190707q_8192.png
442,,2019-07-19T21:57:22.219,S190707q,Gravoscope tileset,gravoscope-tiles,https://data.cardiffgravity.org/gwcat-data/data/gravoscope/S190707q-tiles
443,,,S190707q,GraceDB data,open-data,https://gracedb.ligo.org/api/superevents/S190707q/
444,,,S190718y,GraceDB data,open-data,https://gracedb.ligo.org/api/superevents/S190718y/
445,,,S190718y,Sky Map,skymap-fits,https://gracedb.ligo.org/api/superevents/S190718y/files/bayestar.fits.gz
446,,2019-07-19T21:27:31.786,S190718y,Skymap (Mollweide fullsky),skymap-plot,https://data.cardiffgravity.org/gwcat-data/data/png/S190718y_moll.png
447,,2019-07-19T21:27:31.786,S190718y,Skymap (Mollweide fullsky),skymap-thumbnail,https://data.cardiffgravity.org/gwcat-data/data/png/S190718y_moll.thumb.png
448,,2019-07-19T21:27:42.505,S190718y,Skymap (Cartesian zoomed),skymap-plot,https://data.cardiffgravity.org/gwcat-data/data/png/S190718y_cartzoom.png
449,,2019-07-19T21:27:42.506,S190718y,Skymap (Cartesian zoomed),skymap-thumbnail,https://data.cardiffgravity.org/gwcat-data/data/png/S190718y_cartzoom.thumb.png
450,,2019-07-19T21:27:59.341,S190718y,Skymap (Cartesian fullsky),skymap-plot,https://data.cardiffgravity.org/gwcat-data/data/png/S190718y_cart.png
451,,2019-07-19T21:27:59.342,S190718y,Skymap (Cartesian fullsky),skymap-thumbnail,https://data.cardiffgravity.org/gwcat-data/data/png/S190718y_cart.thumb.png
452,,2019-07-19T21:28:13.268,S190718y,"Skymap (Mollweide fullsky, rotated)",skymap-plot,https://data.cardiffgravity.org/gwcat-data/data/png/S190718y_moll_rot.png
453,,2019-07-19T21:28:13.268,S190718y,"Skymap (Mollweide fullsky, rotated)",skymap-thumbnail,https://data.cardiffgravity.org/gwcat-data/data/png/S190718y_moll_rot.thumb.png
454,,2019-07-19T21:28:27.662,S190718y,"Skymap (Cartesian fullsky, rotated)",skymap-plot,https://data.cardiffgravity.org/gwcat-data/data/png/S190718y_cart_rot.png
455,,2019-07-19T21:28:27.663,S190718y,"Skymap (Cartesian fullsky, rotated)",skymap-thumbnail,https://data.cardiffgravity.org/gwcat-data/data/png/S190718y_cart_rot.thumb.png
456,,2019-07-19T21:28:50.468,S190718y,Skymap (no annotations),skymap-plain,https://data.cardiffgravity.org/gwcat-data/data/gravoscope/S190718y_8192.png
457,,2019-07-19T22:05:56.396,S190718y,Gravoscope tileset,gravoscope-tiles,https://data.cardiffgravity.org/gwcat-data/data/gravoscope/S190718y-tiles
458,,,S190720a,GraceDB data,open-data,https://gracedb.ligo.org/api/superevents/S190720a/
459,,,S190720a,Sky Map,skymap-fits,https://gracedb.ligo.org/api/superevents/S190720a/files/LALInference.offline.fits.gz
460,,2019-07-27T19:48:58.560,S190720a,Skymap (Mollweide fullsky),skymap-plot,https://data.cardiffgravity.org/gwcat-data/data/png/S190720a_moll.png
461,,2019-07-27T19:48:58.561,S190720a,Skymap (Mollweide fullsky),skymap-thumbnail,https://data.cardiffgravity.org/gwcat-data/data/png/S190720a_moll.thumb.png
462,,2019-07-27T19:49:05.975,S190720a,Skymap (Cartesian zoomed),skymap-plot,https://data.cardiffgravity.org/gwcat-data/data/png/S190720a_cartzoom.png
463,,2019-07-27T19:49:05.987,S190720a,Skymap (Cartesian zoomed),skymap-thumbnail,https://data.cardiffgravity.org/gwcat-data/data/png/S190720a_cartzoom.thumb.png
464,,2019-07-27T19:49:17.306,S190720a,Skymap (Cartesian fullsky),skymap-plot,https://data.cardiffgravity.org/gwcat-data/data/png/S190720a_cart.png
465,,2019-07-27T19:49:17.307,S190720a,Skymap (Cartesian fullsky),skymap-thumbnail,https://data.cardiffgravity.org/gwcat-data/data/png/S190720a_cart.thumb.png
466,,2019-07-27T19:49:34.554,S190720a,"Skymap (Mollweide fullsky, rotated)",skymap-plot,https://data.cardiffgravity.org/gwcat-data/data/png/S190720a_moll_rot.png
467,,2019-07-27T19:49:34.556,S190720a,"Skymap (Mollweide fullsky, rotated)",skymap-thumbnail,https://data.cardiffgravity.org/gwcat-data/data/png/S190720a_moll_rot.thumb.png
468,,2019-07-27T19:49:43.536,S190720a,"Skymap (Cartesian fullsky, rotated)",skymap-plot,https://data.cardiffgravity.org/gwcat-data/data/png/S190720a_cart_rot.png
469,,2019-07-27T19:49:43.537,S190720a,"Skymap (Cartesian fullsky, rotated)",skymap-thumbnail,https://data.cardiffgravity.org/gwcat-data/data/png/S190720a_cart_rot.thumb.png
470,,2019-07-27T19:50:16.660,S190720a,Skymap (no annotations),skymap-plain,https://data.cardiffgravity.org/gwcat-data/data/gravoscope/S190720a_8192.png
471,,2019-07-27T19:58:42.651,S190720a,Gravoscope tileset,gravoscope-tiles,https://data.cardiffgravity.org/gwcat-data/data/gravoscope/S190720a-tiles
472,,,S190720a,GraceDB data,open-data,https://gracedb.ligo.org/api/superevents/S190720a/
473,,,S190727h,GraceDB data,open-data,https://gracedb.ligo.org/api/superevents/S190727h/
474,,,S190727h,Sky Map,skymap-fits,https://gracedb.ligo.org/api/superevents/S190727h/files/LALInference.fits.gz
475,,2019-08-15T06:33:03.115,S190727h,Skymap (Mollweide fullsky),skymap-plot,https://data.cardiffgravity.org/gwcat-data/data/png/S190727h_moll.png
476,,2019-08-15T06:33:03.116,S190727h,Skymap (Mollweide fullsky),skymap-thumbnail,https://data.cardiffgravity.org/gwcat-data/data/png/S190727h_moll.thumb.png
477,,2019-08-15T06:33:11.155,S190727h,Skymap (Cartesian zoomed),skymap-plot,https://data.cardiffgravity.org/gwcat-data/data/png/S190727h_cartzoom.png
478,,2019-08-15T06:33:11.156,S190727h,Skymap (Cartesian zoomed),skymap-thumbnail,https://data.cardiffgravity.org/gwcat-data/data/png/S190727h_cartzoom.thumb.png
479,,2019-08-15T06:33:19.258,S190727h,Skymap (Cartesian fullsky),skymap-plot,https://data.cardiffgravity.org/gwcat-data/data/png/S190727h_cart.png
480,,2019-08-15T06:33:19.259,S190727h,Skymap (Cartesian fullsky),skymap-thumbnail,https://data.cardiffgravity.org/gwcat-data/data/png/S190727h_cart.thumb.png
481,,2019-08-15T06:33:26.490,S190727h,"Skymap (Mollweide fullsky, rotated)",skymap-plot,https://data.cardiffgravity.org/gwcat-data/data/png/S190727h_moll_rot.png
482,,2019-08-15T06:33:26.491,S190727h,"Skymap (Mollweide fullsky, rotated)",skymap-thumbnail,https://data.cardiffgravity.org/gwcat-data/data/png/S190727h_moll_rot.thumb.png
483,,2019-08-15T06:33:32.711,S190727h,"Skymap (Cartesian fullsky, rotated)",skymap-plot,https://data.cardiffgravity.org/gwcat-data/data/png/S190727h_cart_rot.png
484,,2019-08-15T06:33:32.711,S190727h,"Skymap (Cartesian fullsky, rotated)",skymap-thumbnail,https://data.cardiffgravity.org/gwcat-data/data/png/S190727h_cart_rot.thumb.png
485,,2019-08-15T06:33:48.748,S190727h,Skymap (no annotations),skymap-plain,https://data.cardiffgravity.org/gwcat-data/data/gravoscope/S190727h_8192.png
486,,2019-08-15T06:39:36.177,S190727h,Gravoscope tileset,gravoscope-tiles,https://data.cardiffgravity.org/gwcat-data/data/gravoscope/S190727h-tiles
487,,,S190727h,GraceDB data,open-data,https://gracedb.ligo.org/api/superevents/S190727h/
488,,,S190728q,GraceDB data,open-data,https://gracedb.ligo.org/api/superevents/S190728q/
489,,,S190728q,Sky Map,skymap-fits,https://gracedb.ligo.org/api/superevents/S190728q/files/LALInference.offline.fits.gz
490,,2019-07-29T11:25:09.147,S190728q,Skymap (Mollweide fullsky),skymap-plot,https://data.cardiffgravity.org/gwcat-data/data/png/S190728q_moll.png
491,,2019-07-29T11:25:09.150,S190728q,Skymap (Mollweide fullsky),skymap-thumbnail,https://data.cardiffgravity.org/gwcat-data/data/png/S190728q_moll.thumb.png
492,,2019-07-29T11:25:18.830,S190728q,Skymap (Cartesian zoomed),skymap-plot,https://data.cardiffgravity.org/gwcat-data/data/png/S190728q_cartzoom.png
493,,2019-07-29T11:25:18.834,S190728q,Skymap (Cartesian zoomed),skymap-thumbnail,https://data.cardiffgravity.org/gwcat-data/data/png/S190728q_cartzoom.thumb.png
494,,2019-07-29T11:25:27.513,S190728q,Skymap (Cartesian fullsky),skymap-plot,https://data.cardiffgravity.org/gwcat-data/data/png/S190728q_cart.png
495,,2019-07-29T11:25:27.514,S190728q,Skymap (Cartesian fullsky),skymap-thumbnail,https://data.cardiffgravity.org/gwcat-data/data/png/S190728q_cart.thumb.png
496,,2019-07-29T11:25:36.956,S190728q,"Skymap (Mollweide fullsky, rotated)",skymap-plot,https://data.cardiffgravity.org/gwcat-data/data/png/S190728q_moll_rot.png
497,,2019-07-29T11:25:36.957,S190728q,"Skymap (Mollweide fullsky, rotated)",skymap-thumbnail,https://data.cardiffgravity.org/gwcat-data/data/png/S190728q_moll_rot.thumb.png
498,,2019-07-29T11:25:45.239,S190728q,"Skymap (Cartesian fullsky, rotated)",skymap-plot,https://data.cardiffgravity.org/gwcat-data/data/png/S190728q_cart_rot.png
499,,2019-07-29T11:25:45.240,S190728q,"Skymap (Cartesian fullsky, rotated)",skymap-thumbnail,https://data.cardiffgravity.org/gwcat-data/data/png/S190728q_cart_rot.thumb.png
500,,2019-07-29T11:26:04.466,S190728q,Skymap (no annotations),skymap-plain,https://data.cardiffgravity.org/gwcat-data/data/gravoscope/S190728q_8192.png
501,,2019-07-29T11:33:09.398,S190728q,Gravoscope tileset,gravoscope-tiles,https://data.cardiffgravity.org/gwcat-data/data/gravoscope/S190728q-tiles
502,,,S190814bv,GraceDB data,open-data,https://gracedb.ligo.org/api/superevents/S190814bv/
503,,,S190814bv,Sky Map,skymap-fits,https://gracedb.ligo.org/api/superevents/S190814bv/files/LALInference.v1.fits.gz
504,,2019-08-15T13:12:12.008,S190814bv,Skymap (Mollweide fullsky),skymap-plot,https://data.cardiffgravity.org/gwcat-data/data/png/S190814bv_moll.png
505,,2019-08-15T13:12:12.008,S190814bv,Skymap (Mollweide fullsky),skymap-thumbnail,https://data.cardiffgravity.org/gwcat-data/data/png/S190814bv_moll.thumb.png
506,,2019-08-15T13:12:16.872,S190814bv,Skymap (Cartesian zoomed),skymap-plot,https://data.cardiffgravity.org/gwcat-data/data/png/S190814bv_cartzoom.png
507,,2019-08-15T13:12:16.873,S190814bv,Skymap (Cartesian zoomed),skymap-thumbnail,https://data.cardiffgravity.org/gwcat-data/data/png/S190814bv_cartzoom.thumb.png
508,,2019-08-15T13:12:23.318,S190814bv,Skymap (Cartesian fullsky),skymap-plot,https://data.cardiffgravity.org/gwcat-data/data/png/S190814bv_cart.png
509,,2019-08-15T13:12:23.319,S190814bv,Skymap (Cartesian fullsky),skymap-thumbnail,https://data.cardiffgravity.org/gwcat-data/data/png/S190814bv_cart.thumb.png
510,,2019-08-15T13:12:30.801,S190814bv,"Skymap (Mollweide fullsky, rotated)",skymap-plot,https://data.cardiffgravity.org/gwcat-data/data/png/S190814bv_moll_rot.png
511,,2019-08-15T13:12:30.801,S190814bv,"Skymap (Mollweide fullsky, rotated)",skymap-thumbnail,https://data.cardiffgravity.org/gwcat-data/data/png/S190814bv_moll_rot.thumb.png
512,,2019-08-15T13:12:37.200,S190814bv,"Skymap (Cartesian fullsky, rotated)",skymap-plot,https://data.cardiffgravity.org/gwcat-data/data/png/S190814bv_cart_rot.png
513,,2019-08-15T13:12:37.201,S190814bv,"Skymap (Cartesian fullsky, rotated)",skymap-thumbnail,https://data.cardiffgravity.org/gwcat-data/data/png/S190814bv_cart_rot.thumb.png
514,,2019-08-15T13:12:56.859,S190814bv,Skymap (no annotations),skymap-plain,https://data.cardiffgravity.org/gwcat-data/data/gravoscope/S190814bv_8192.png
515,,2019-08-15T13:17:59.102,S190814bv,Gravoscope tileset,gravoscope-tiles,https://data.cardiffgravity.org/gwcat-data/data/gravoscope/S190814bv-tiles
516,,,S190814bv,GraceDB data,open-data,https://gracedb.ligo.org/api/superevents/S190814bv/
517,,,S190828l,GraceDB data,open-data,https://gracedb.ligo.org/api/superevents/S190828l/
518,,,S190828l,Sky Map,skymap-fits,"https://gracedb.ligo.org/api/superevents/S190828l/files/LALInference.v2.fits.gz,0"
519,,2019-09-21T20:25:13.517,S190828l,Skymap (Mollweide fullsky),skymap-plot,https://data.cardiffgravity.org/gwcat-data/data/png/S190828l_moll.png
520,,2019-09-21T20:25:13.518,S190828l,Skymap (Mollweide fullsky),skymap-thumbnail,https://data.cardiffgravity.org/gwcat-data/data/png/S190828l_moll.thumb.png
521,,2019-09-21T20:25:18.172,S190828l,Skymap (Cartesian zoomed),skymap-plot,https://data.cardiffgravity.org/gwcat-data/data/png/S190828l_cartzoom.png
522,,2019-09-21T20:25:18.173,S190828l,Skymap (Cartesian zoomed),skymap-thumbnail,https://data.cardiffgravity.org/gwcat-data/data/png/S190828l_cartzoom.thumb.png
523,,2019-09-21T20:25:23.311,S190828l,Skymap (Cartesian fullsky),skymap-plot,https://data.cardiffgravity.org/gwcat-data/data/png/S190828l_cart.png
524,,2019-09-21T20:25:23.312,S190828l,Skymap (Cartesian fullsky),skymap-thumbnail,https://data.cardiffgravity.org/gwcat-data/data/png/S190828l_cart.thumb.png
525,,2019-09-21T20:25:30.628,S190828l,"Skymap (Mollweide fullsky, rotated)",skymap-plot,https://data.cardiffgravity.org/gwcat-data/data/png/S190828l_moll_rot.png
526,,2019-09-21T20:25:30.628,S190828l,"Skymap (Mollweide fullsky, rotated)",skymap-thumbnail,https://data.cardiffgravity.org/gwcat-data/data/png/S190828l_moll_rot.thumb.png
527,,2019-09-21T20:25:36.993,S190828l,"Skymap (Cartesian fullsky, rotated)",skymap-plot,https://data.cardiffgravity.org/gwcat-data/data/png/S190828l_cart_rot.png
528,,2019-09-21T20:25:36.993,S190828l,"Skymap (Cartesian fullsky, rotated)",skymap-thumbnail,https://data.cardiffgravity.org/gwcat-data/data/png/S190828l_cart_rot.thumb.png
529,,2019-09-21T20:25:53.975,S190828l,Skymap (no annotations),skymap-plain,https://data.cardiffgravity.org/gwcat-data/data/gravoscope/S190828l_8192.png
530,,2019-09-21T20:34:06.175,S190828l,Gravoscope tileset,gravoscope-tiles,https://data.cardiffgravity.org/gwcat-data/data/gravoscope/S190828l-tiles
531,,,S190828l,GraceDB data,open-data,https://gracedb.ligo.org/api/superevents/S190828l/
532,,,S190828j,GraceDB data,open-data,https://gracedb.ligo.org/api/superevents/S190828j/
533,,,S190828j,Sky Map,skymap-fits,https://gracedb.ligo.org/api/superevents/S190828j/files/bayestar.fits.gz
534,,2019-08-28T09:38:53.986,S190828j,Skymap (Mollweide fullsky),skymap-plot,https://data.cardiffgravity.org/gwcat-data/data/png/S190828j_moll.png
535,,2019-08-28T09:38:53.986,S190828j,Skymap (Mollweide fullsky),skymap-thumbnail,https://data.cardiffgravity.org/gwcat-data/data/png/S190828j_moll.thumb.png
536,,2019-08-28T09:38:59.911,S190828j,Skymap (Cartesian zoomed),skymap-plot,https://data.cardiffgravity.org/gwcat-data/data/png/S190828j_cartzoom.png
537,,2019-08-28T09:38:59.912,S190828j,Skymap (Cartesian zoomed),skymap-thumbnail,https://data.cardiffgravity.org/gwcat-data/data/png/S190828j_cartzoom.thumb.png
538,,2019-08-28T09:39:06.815,S190828j,Skymap (Cartesian fullsky),skymap-plot,https://data.cardiffgravity.org/gwcat-data/data/png/S190828j_cart.png
539,,2019-08-28T09:39:06.816,S190828j,Skymap (Cartesian fullsky),skymap-thumbnail,https://data.cardiffgravity.org/gwcat-data/data/png/S190828j_cart.thumb.png
540,,2019-08-28T09:39:16.741,S190828j,"Skymap (Mollweide fullsky, rotated)",skymap-plot,https://data.cardiffgravity.org/gwcat-data/data/png/S190828j_moll_rot.png
541,,2019-08-28T09:39:16.742,S190828j,"Skymap (Mollweide fullsky, rotated)",skymap-thumbnail,https://data.cardiffgravity.org/gwcat-data/data/png/S190828j_moll_rot.thumb.png
542,,2019-08-28T09:39:26.535,S190828j,"Skymap (Cartesian fullsky, rotated)",skymap-plot,https://data.cardiffgravity.org/gwcat-data/data/png/S190828j_cart_rot.png
543,,2019-08-28T09:39:26.536,S190828j,"Skymap (Cartesian fullsky, rotated)",skymap-thumbnail,https://data.cardiffgravity.org/gwcat-data/data/png/S190828j_cart_rot.thumb.png
544,,2019-08-28T09:39:45.844,S190828j,Skymap (no annotations),skymap-plain,https://data.cardiffgravity.org/gwcat-data/data/gravoscope/S190828j_8192.png
545,,2019-08-28T09:46:36.790,S190828j,Gravoscope tileset,gravoscope-tiles,https://data.cardiffgravity.org/gwcat-data/data/gravoscope/S190828j-tiles
546,,,S190901ap,GraceDB data,open-data,https://gracedb.ligo.org/api/superevents/S190901ap/
547,,,S190901ap,Sky Map,skymap-fits,https://gracedb.ligo.org/api/superevents/S190901ap/files/LALInference.v2.fits.gz
548,,2019-09-06T20:24:18.260,S190901ap,Skymap (Mollweide fullsky),skymap-plot,https://data.cardiffgravity.org/gwcat-data/data/png/S190901ap_moll.png
549,,2019-09-06T20:24:18.261,S190901ap,Skymap (Mollweide fullsky),skymap-thumbnail,https://data.cardiffgravity.org/gwcat-data/data/png/S190901ap_moll.thumb.png
550,,2019-09-06T20:24:23.053,S190901ap,Skymap (Cartesian zoomed),skymap-plot,https://data.cardiffgravity.org/gwcat-data/data/png/S190901ap_cartzoom.png
551,,2019-09-06T20:24:23.053,S190901ap,Skymap (Cartesian zoomed),skymap-thumbnail,https://data.cardiffgravity.org/gwcat-data/data/png/S190901ap_cartzoom.thumb.png
552,,2019-09-06T20:24:30.337,S190901ap,Skymap (Cartesian fullsky),skymap-plot,https://data.cardiffgravity.org/gwcat-data/data/png/S190901ap_cart.png
553,,2019-09-06T20:24:30.337,S190901ap,Skymap (Cartesian fullsky),skymap-thumbnail,https://data.cardiffgravity.org/gwcat-data/data/png/S190901ap_cart.thumb.png
554,,2019-09-06T20:24:38.097,S190901ap,"Skymap (Mollweide fullsky, rotated)",skymap-plot,https://data.cardiffgravity.org/gwcat-data/data/png/S190901ap_moll_rot.png
555,,2019-09-06T20:24:38.098,S190901ap,"Skymap (Mollweide fullsky, rotated)",skymap-thumbnail,https://data.cardiffgravity.org/gwcat-data/data/png/S190901ap_moll_rot.thumb.png
556,,2019-09-06T20:24:44.581,S190901ap,"Skymap (Cartesian fullsky, rotated)",skymap-plot,https://data.cardiffgravity.org/gwcat-data/data/png/S190901ap_cart_rot.png
557,,2019-09-06T20:24:44.582,S190901ap,"Skymap (Cartesian fullsky, rotated)",skymap-thumbnail,https://data.cardiffgravity.org/gwcat-data/data/png/S190901ap_cart_rot.thumb.png
558,,2019-09-06T20:25:04.480,S190901ap,Skymap (no annotations),skymap-plain,https://data.cardiffgravity.org/gwcat-data/data/gravoscope/S190901ap_8192.png
559,,2019-09-06T20:31:43.875,S190901ap,Gravoscope tileset,gravoscope-tiles,https://data.cardiffgravity.org/gwcat-data/data/gravoscope/S190901ap-tiles
560,,,S190910h,GraceDB data,open-data,https://gracedb.ligo.org/api/superevents/S190910h/
561,,,S190910h,Sky Map,skymap-fits,"https://gracedb.ligo.org/api/superevents/S190910h/files/LALInference.fits.gz,0"
562,,2019-09-21T20:26:45.799,S190910h,Skymap (Mollweide fullsky),skymap-plot,https://data.cardiffgravity.org/gwcat-data/data/png/S190910h_moll.png
563,,2019-09-21T20:26:45.799,S190910h,Skymap (Mollweide fullsky),skymap-thumbnail,https://data.cardiffgravity.org/gwcat-data/data/png/S190910h_moll.thumb.png
564,,2019-09-21T20:26:50.078,S190910h,Skymap (Cartesian zoomed),skymap-plot,https://data.cardiffgravity.org/gwcat-data/data/png/S190910h_cartzoom.png
565,,2019-09-21T20:26:50.079,S190910h,Skymap (Cartesian zoomed),skymap-thumbnail,https://data.cardiffgravity.org/gwcat-data/data/png/S190910h_cartzoom.thumb.png
566,,2019-09-21T20:26:56.359,S190910h,Skymap (Cartesian fullsky),skymap-plot,https://data.cardiffgravity.org/gwcat-data/data/png/S190910h_cart.png
567,,2019-09-21T20:26:56.363,S190910h,Skymap (Cartesian fullsky),skymap-thumbnail,https://data.cardiffgravity.org/gwcat-data/data/png/S190910h_cart.thumb.png
568,,2019-09-21T20:27:04.599,S190910h,"Skymap (Mollweide fullsky, rotated)",skymap-plot,https://data.cardiffgravity.org/gwcat-data/data/png/S190910h_moll_rot.png
569,,2019-09-21T20:27:04.600,S190910h,"Skymap (Mollweide fullsky, rotated)",skymap-thumbnail,https://data.cardiffgravity.org/gwcat-data/data/png/S190910h_moll_rot.thumb.png
570,,2019-09-21T20:27:10.596,S190910h,"Skymap (Cartesian fullsky, rotated)",skymap-plot,https://data.cardiffgravity.org/gwcat-data/data/png/S190910h_cart_rot.png
571,,2019-09-21T20:27:10.596,S190910h,"Skymap (Cartesian fullsky, rotated)",skymap-thumbnail,https://data.cardiffgravity.org/gwcat-data/data/png/S190910h_cart_rot.thumb.png
572,,2019-09-21T20:27:24.958,S190910h,Skymap (no annotations),skymap-plain,https://data.cardiffgravity.org/gwcat-data/data/gravoscope/S190910h_8192.png
573,,2019-09-21T20:45:29.579,S190910h,Gravoscope tileset,gravoscope-tiles,https://data.cardiffgravity.org/gwcat-data/data/gravoscope/S190910h-tiles
574,,,S190910h,GraceDB data,open-data,https://gracedb.ligo.org/api/superevents/S190910h/
575,,,S190910d,GraceDB data,open-data,https://gracedb.ligo.org/api/superevents/S190910d/
576,,,S190910d,Sky Map,skymap-fits,https://gracedb.ligo.org/api/superevents/S190910d/files/LALInference.fits.gz
577,,2019-09-21T20:26:00.806,S190910d,Skymap (Mollweide fullsky),skymap-plot,https://data.cardiffgravity.org/gwcat-data/data/png/S190910d_moll.png
578,,2019-09-21T20:26:00.807,S190910d,Skymap (Mollweide fullsky),skymap-thumbnail,https://data.cardiffgravity.org/gwcat-data/data/png/S190910d_moll.thumb.png
579,,2019-09-21T20:26:05.061,S190910d,Skymap (Cartesian zoomed),skymap-plot,https://data.cardiffgravity.org/gwcat-data/data/png/S190910d_cartzoom.png
580,,2019-09-21T20:26:05.061,S190910d,Skymap (Cartesian zoomed),skymap-thumbnail,https://data.cardiffgravity.org/gwcat-data/data/png/S190910d_cartzoom.thumb.png
581,,2019-09-21T20:26:10.348,S190910d,Skymap (Cartesian fullsky),skymap-plot,https://data.cardiffgravity.org/gwcat-data/data/png/S190910d_cart.png
582,,2019-09-21T20:26:10.348,S190910d,Skymap (Cartesian fullsky),skymap-thumbnail,https://data.cardiffgravity.org/gwcat-data/data/png/S190910d_cart.thumb.png
583,,2019-09-21T20:26:16.380,S190910d,"Skymap (Mollweide fullsky, rotated)",skymap-plot,https://data.cardiffgravity.org/gwcat-data/data/png/S190910d_moll_rot.png
584,,2019-09-21T20:26:16.380,S190910d,"Skymap (Mollweide fullsky, rotated)",skymap-thumbnail,https://data.cardiffgravity.org/gwcat-data/data/png/S190910d_moll_rot.thumb.png
585,,2019-09-21T20:26:22.003,S190910d,"Skymap (Cartesian fullsky, rotated)",skymap-plot,https://data.cardiffgravity.org/gwcat-data/data/png/S190910d_cart_rot.png
586,,2019-09-21T20:26:22.004,S190910d,"Skymap (Cartesian fullsky, rotated)",skymap-thumbnail,https://data.cardiffgravity.org/gwcat-data/data/png/S190910d_cart_rot.thumb.png
587,,2019-09-21T20:26:38.404,S190910d,Skymap (no annotations),skymap-plain,https://data.cardiffgravity.org/gwcat-data/data/gravoscope/S190910d_8192.png
588,,2019-09-21T20:39:25.933,S190910d,Gravoscope tileset,gravoscope-tiles,https://data.cardiffgravity.org/gwcat-data/data/gravoscope/S190910d-tiles
589,,,S190910d,GraceDB data,open-data,https://gracedb.ligo.org/api/superevents/S190910d/
590,,,S190915ak,GraceDB data,open-data,https://gracedb.ligo.org/api/superevents/S190915ak/
591,,,S190915ak,Sky Map,skymap-fits,https://gracedb.ligo.org/api/superevents/S190915ak/files/LALInference.fits.gz
592,,2019-09-21T20:27:37.023,S190915ak,Skymap (Mollweide fullsky),skymap-plot,https://data.cardiffgravity.org/gwcat-data/data/png/S190915ak_moll.png
593,,2019-09-21T20:27:37.024,S190915ak,Skymap (Mollweide fullsky),skymap-thumbnail,https://data.cardiffgravity.org/gwcat-data/data/png/S190915ak_moll.thumb.png
594,,2019-09-21T20:27:41.698,S190915ak,Skymap (Cartesian zoomed),skymap-plot,https://data.cardiffgravity.org/gwcat-data/data/png/S190915ak_cartzoom.png
595,,2019-09-21T20:27:41.699,S190915ak,Skymap (Cartesian zoomed),skymap-thumbnail,https://data.cardiffgravity.org/gwcat-data/data/png/S190915ak_cartzoom.thumb.png
596,,2019-09-21T20:27:47.619,S190915ak,Skymap (Cartesian fullsky),skymap-plot,https://data.cardiffgravity.org/gwcat-data/data/png/S190915ak_cart.png
597,,2019-09-21T20:27:47.621,S190915ak,Skymap (Cartesian fullsky),skymap-thumbnail,https://data.cardiffgravity.org/gwcat-data/data/png/S190915ak_cart.thumb.png
598,,2019-09-21T20:27:54.969,S190915ak,"Skymap (Mollweide fullsky, rotated)",skymap-plot,https://data.cardiffgravity.org/gwcat-data/data/png/S190915ak_moll_rot.png
599,,2019-09-21T20:27:54.969,S190915ak,"Skymap (Mollweide fullsky, rotated)",skymap-thumbnail,https://data.cardiffgravity.org/gwcat-data/data/png/S190915ak_moll_rot.thumb.png
600,,2019-09-21T20:28:01.302,S190915ak,"Skymap (Cartesian fullsky, rotated)",skymap-plot,https://data.cardiffgravity.org/gwcat-data/data/png/S190915ak_cart_rot.png
601,,2019-09-21T20:28:01.302,S190915ak,"Skymap (Cartesian fullsky, rotated)",skymap-thumbnail,https://data.cardiffgravity.org/gwcat-data/data/png/S190915ak_cart_rot.thumb.png
602,,2019-09-21T20:28:15.474,S190915ak,Skymap (no annotations),skymap-plain,https://data.cardiffgravity.org/gwcat-data/data/gravoscope/S190915ak_8192.png
603,,2019-09-21T20:51:18.744,S190915ak,Gravoscope tileset,gravoscope-tiles,https://data.cardiffgravity.org/gwcat-data/data/gravoscope/S190915ak-tiles
604,,,S190924h,GraceDB data,open-data,https://gracedb.ligo.org/api/superevents/S190924h/
605,,,S190924h,Sky Map,skymap-fits,"https://gracedb.ligo.org/api/superevents/S190924h/files/bayestar.fits.gz,0"
606,,2019-09-24T20:17:36.710,S190924h,Skymap (Mollweide fullsky),skymap-plot,https://data.cardiffgravity.org/gwcat-data/data/png/S190924h_moll.png
607,,2019-09-24T20:17:36.710,S190924h,Skymap (Mollweide fullsky),skymap-thumbnail,https://data.cardiffgravity.org/gwcat-data/data/png/S190924h_moll.thumb.png
608,,2019-09-24T20:17:41.992,S190924h,Skymap (Cartesian zoomed),skymap-plot,https://data.cardiffgravity.org/gwcat-data/data/png/S190924h_cartzoom.png
609,,2019-09-24T20:17:41.993,S190924h,Skymap (Cartesian zoomed),skymap-thumbnail,https://data.cardiffgravity.org/gwcat-data/data/png/S190924h_cartzoom.thumb.png
610,,2019-09-24T20:17:48.359,S190924h,Skymap (Cartesian fullsky),skymap-plot,https://data.cardiffgravity.org/gwcat-data/data/png/S190924h_cart.png
611,,2019-09-24T20:17:48.359,S190924h,Skymap (Cartesian fullsky),skymap-thumbnail,https://data.cardiffgravity.org/gwcat-data/data/png/S190924h_cart.thumb.png
612,,2019-09-24T20:17:54.704,S190924h,"Skymap (Mollweide fullsky, rotated)",skymap-plot,https://data.cardiffgravity.org/gwcat-data/data/png/S190924h_moll_rot.png
613,,2019-09-24T20:17:54.704,S190924h,"Skymap (Mollweide fullsky, rotated)",skymap-thumbnail,https://data.cardiffgravity.org/gwcat-data/data/png/S190924h_moll_rot.thumb.png
614,,2019-09-24T20:18:01.340,S190924h,"Skymap (Cartesian fullsky, rotated)",skymap-plot,https://data.cardiffgravity.org/gwcat-data/data/png/S190924h_cart_rot.png
615,,2019-09-24T20:18:01.341,S190924h,"Skymap (Cartesian fullsky, rotated)",skymap-thumbnail,https://data.cardiffgravity.org/gwcat-data/data/png/S190924h_cart_rot.thumb.png
616,,2019-09-24T20:18:15.490,S190924h,Skymap (no annotations),skymap-plain,https://data.cardiffgravity.org/gwcat-data/data/gravoscope/S190924h_8192.png
617,,2019-09-24T20:29:45.598,S190924h,Gravoscope tileset,gravoscope-tiles,https://data.cardiffgravity.org/gwcat-data/data/gravoscope/S190924h-tiles
618,,,S190923y,GraceDB data,open-data,https://gracedb.ligo.org/api/superevents/S190923y/
619,,,S190923y,Sky Map,skymap-fits,"https://gracedb.ligo.org/api/superevents/S190923y/files/bayestar.fits.gz,0"
620,,2019-09-24T20:16:48.687,S190923y,Skymap (Mollweide fullsky),skymap-plot,https://data.cardiffgravity.org/gwcat-data/data/png/S190923y_moll.png
621,,2019-09-24T20:16:48.688,S190923y,Skymap (Mollweide fullsky),skymap-thumbnail,https://data.cardiffgravity.org/gwcat-data/data/png/S190923y_moll.thumb.png
622,,2019-09-24T20:16:52.952,S190923y,Skymap (Cartesian zoomed),skymap-plot,https://data.cardiffgravity.org/gwcat-data/data/png/S190923y_cartzoom.png
623,,2019-09-24T20:16:52.953,S190923y,Skymap (Cartesian zoomed),skymap-thumbnail,https://data.cardiffgravity.org/gwcat-data/data/png/S190923y_cartzoom.thumb.png
624,,2019-09-24T20:16:59.005,S190923y,Skymap (Cartesian fullsky),skymap-plot,https://data.cardiffgravity.org/gwcat-data/data/png/S190923y_cart.png
625,,2019-09-24T20:16:59.005,S190923y,Skymap (Cartesian fullsky),skymap-thumbnail,https://data.cardiffgravity.org/gwcat-data/data/png/S190923y_cart.thumb.png
626,,2019-09-24T20:17:05.513,S190923y,"Skymap (Mollweide fullsky, rotated)",skymap-plot,https://data.cardiffgravity.org/gwcat-data/data/png/S190923y_moll_rot.png
627,,2019-09-24T20:17:05.514,S190923y,"Skymap (Mollweide fullsky, rotated)",skymap-thumbnail,https://data.cardiffgravity.org/gwcat-data/data/png/S190923y_moll_rot.thumb.png
628,,2019-09-24T20:17:11.749,S190923y,"Skymap (Cartesian fullsky, rotated)",skymap-plot,https://data.cardiffgravity.org/gwcat-data/data/png/S190923y_cart_rot.png
629,,2019-09-24T20:17:11.750,S190923y,"Skymap (Cartesian fullsky, rotated)",skymap-thumbnail,https://data.cardiffgravity.org/gwcat-data/data/png/S190923y_cart_rot.thumb.png
630,,2019-09-24T20:17:28.404,S190923y,Skymap (no annotations),skymap-plain,https://data.cardiffgravity.org/gwcat-data/data/gravoscope/S190923y_8192.png
631,,2019-09-24T20:23:55.983,S190923y,Gravoscope tileset,gravoscope-tiles,https://data.cardiffgravity.org/gwcat-data/data/gravoscope/S190923y-tiles
