Event,GPS,GPS_valtype,UTC,UTC_valtype,rho,rho_valtype,rho_errp,rho_errm,FAR,FAR_valtype,M1,M1_valtype,M1_errp,M1_errm,M2,M2_valtype,M2_errp,M2_errm,Mchirp,Mchirp_valtype,Mchirp_errp,Mchirp_errm,Mtotal,Mtotal_valtype,Mtotal_errp,Mtotal_errm,chi,chi_valtype,chi_errp,chi_errm,Mfinal,Mfinal_valtype,Mfinal_errp,Mfinal_errm,Mratio,Mratio_valtype,Mratio_errp,Mratio_errm,af,af_valtype,af_errp,af_errm,Erad,Erad_valtype,Erad_errp,Erad_errm,lpeak,lpeak_valtype,lpeak_errp,lpeak_errm,DL,DL_valtype,DL_errp,DL_errm,z,z_valtype,z_errp,z_errm,deltaOmega,deltaOmega_valtype,obsrun,obsrun_valtype,net,net_valtype,detType,detType_valtype,p_astro,p_astro_valtype
151008,1128348574.5,value,2015-10-08T14:09:53.500,value,8.8,value,,,10.2,value,,,,,,,,,,,,,,,,,,,,,,,,,,,,,,,,,,,,,,,,,,,,,,,,,,,O1,value,HL,value,Marginal,value,,
151012.2,1128666662.2,value,2015-10-12T06:31:21.200,value,9.6,value,,,8.56,value,,,,,,,,,,,,,,,,,,,,,,,,,,,,,,,,,,,,,,,,,,,,,,,,,,,O1,value,HL,value,Marginal,value,,
151116,1131748925.7,value,2015-11-16T22:42:24.700,value,9.0,value,,,4.77,value,,,,,,,,,,,,,,,,,,,,,,,,,,,,,,,,,,,,,,,,,,,,,,,,,,,O1,value,HL,value,Marginal,value,,
161202,1164686041.9,value,2016-12-02T03:54:20.900,value,10.5,value,,,6.0,value,,,,,,,,,,,,,,,,,,,,,,,,,,,,,,,,,,,,,,,,,,,,,,,,,,,O2,value,HL,value,Marginal,value,,
161217,1165994201.4,value,2016-12-17T07:17:00.400,value,10.7,value,,,10.1,value,,,,,,,,,,,,,,,,,,,,,,,,,,,,,,,,,,,,,,,,,,,,,,,,,,,O2,value,HL,value,Marginal,value,,
170208,1170585583.8,value,2017-02-08T10:40:02.800,value,10.0,value,,,11.2,value,,,,,,,,,,,,,,,,,,,,,,,,,,,,,,,,,,,,,,,,,,,,,,,,,,,O2,value,HL,value,Marginal,value,,
170219,1171548267.0,value,2017-02-19T14:04:46.000,value,9.6,value,,,6.26,value,,,,,,,,,,,,,,,,,,,,,,,,,,,,,,,,,,,,,,,,,,,,,,,,,,,O2,value,HL,value,Marginal,value,,
170405,1175425510.7,value,2017-04-05T11:05:29.700,value,9.3,value,,,4.55,value,,,,,,,,,,,,,,,,,,,,,,,,,,,,,,,,,,,,,,,,,,,,,,,,,,,O2,value,HL,value,Marginal,value,,
170412,1176047817.0,value,2017-04-12T15:57:16.000,value,9.7,value,,,8.22,value,,,,,,,,,,,,,,,,,,,,,,,,,,,,,,,,,,,,,,,,,,,,,,,,,,,O2,value,HL,value,Marginal,value,,
170423,1176984663.0,value,2017-04-23T12:11:22.000,value,8.9,value,,,6.47,value,,,,,,,,,,,,,,,,,,,,,,,,,,,,,,,,,,,,,,,,,,,,,,,,,,,O2,value,HL,value,Marginal,value,,
170616,1181677658.8,value,2017-06-16T19:47:57.800,value,9.1,value,,,1.94,value,,,,,,,,,,,,,,,,,,,,,,,,,,,,,,,,,,,,,,,,,,,,,,,,,,,O2,value,HL,value,Marginal,value,,
170630,1182874645.8,value,2017-06-30T16:17:44.800,value,9.7,value,,,10.5,value,,,,,,,,,,,,,,,,,,,,,,,,,,,,,,,,,,,,,,,,,,,,,,,,,,,O2,value,HL,value,Marginal,value,,
170705,1183279534.3,value,2017-07-05T08:45:53.300,value,9.3,value,,,11.0,value,,,,,,,,,,,,,,,,,,,,,,,,,,,,,,,,,,,,,,,,,,,,,,,,,,,O2,value,HL,value,Marginal,value,,
170720,1184625889.8,value,2017-07-20T22:45:08.800,value,13.0,value,,,10.8,value,,,,,,,,,,,,,,,,,,,,,,,,,,,,,,,,,,,,,,,,,,,,,,,,,,,O2,value,HL,value,Marginal,value,,
200121_031748,1263611886.9,value,2020-01-21T03:18:25.900,value,10.69,value,,,1.1,value,,,,,,,,,,,,,,,,,,,,,,,,,,,,,,,,,,,,,,,,,,,,,,,,,,,O3b,value,HV,value,Marginal,value,0.23,value
200214_224526,1265755544.5,value,2020-02-14T22:46:03.500,value,13.13,value,,,0.131,value,,,,,,,,,,,,,,,,,,,,,,,,,,,,,,,,,,,,,,,,,,,,,,,,,,,O3b,value,HL,value,Marginal,value,0.9095,value
200219_201407,1266178465.9,value,2020-02-19T20:14:44.900,value,13.59,value,,,0.22,value,,,,,,,,,,,,,,,,,,,,,,,,,,,,,,,,,,,,,,,,,,,,,,,,,,,O3b,value,HLV,value,Marginal,value,0.481,value
GW150914,1126259462.4,value,2015-09-14T09:51:21.400,value,26.0,bestfit,0.1,-0.2,1e-07,value,35.6,bestfit,4.7,-3.1,30.6,bestfit,3.0,-4.4,28.6,bestfit,1.7,-1.5,,,,,-0.01,bestfit,0.12,-0.13,63.1,bestfit,3.4,-3.0,,,,,0.69,bestfit,0.05,-0.04,3.1,bestfit,0.4,-0.4,3.6,bestfit,0.4,-0.4,436.0,bestfit,98.0,-98.0,0.09,bestfit,0.03,-0.03,182.0,value,O1,value,HL,value,GW,value,1.0,value
GW151012,1128678900.4,value,2015-10-12T09:55:19.400,value,10.0,value,,,0.00792,value,23.2,bestfit,14.9,-5.5,13.6,bestfit,4.1,-4.8,15.2,bestfit,2.1,-1.2,,,,,0.05,bestfit,0.31,-0.2,35.6,bestfit,10.8,-3.8,,,,,0.67,bestfit,0.13,-0.11,1.6,bestfit,0.6,-0.5,3.2,bestfit,0.8,-1.7,1070.0,bestfit,320.0,-320.0,0.21,bestfit,0.09,-0.09,1520.0,value,O1,value,HL,value,GW,value,1.0,value
GW151226,1135136350.6,value,2015-12-26T03:39:29.600,value,13.1,value,,,1e-07,value,13.7,bestfit,8.8,-3.2,7.7,bestfit,2.2,-2.5,8.9,bestfit,0.3,-0.3,,,,,0.18,bestfit,0.2,-0.12,20.5,bestfit,6.4,-1.5,,,,,0.74,bestfit,0.07,-0.05,1.0,bestfit,0.1,-0.2,3.4,bestfit,0.7,-1.7,445.0,bestfit,114.0,-114.0,0.09,bestfit,0.04,-0.04,1030.0,value,O1,value,HL,value,GW,value,1.0,value
GW170104,1167559936.6,value,2017-01-04T10:12:35.600,value,13.8,bestfit,0.2,-0.3,1e-07,value,30.8,bestfit,7.3,-5.6,20.0,bestfit,4.9,-4.6,21.4,bestfit,2.2,-1.8,,,,,-0.04,bestfit,0.17,-0.21,48.9,bestfit,5.1,-4.0,,,,,0.66,bestfit,0.08,-0.11,2.2,bestfit,0.5,-0.5,3.3,bestfit,0.6,-1.0,989.0,bestfit,268.0,-268.0,0.2,bestfit,0.08,-0.08,921.0,value,O2,value,HL,value,GW,value,1.0,value
GW170608,1180922494.5,value,2017-06-08T02:01:53.500,value,15.4,value,,,1e-07,value,11.0,bestfit,5.5,-1.7,7.6,bestfit,1.4,-2.2,7.9,bestfit,0.2,-0.2,,,,,0.03,bestfit,0.19,-0.07,17.8,bestfit,3.4,-0.7,,,,,0.69,bestfit,0.04,-0.04,0.9,value,,,3.5,bestfit,0.4,-1.3,325.0,bestfit,71.0,-71.0,0.07,bestfit,0.02,-0.02,392.0,value,O2,value,HL,value,GW,value,1.0,value
GW170729,1185389807.3,value,2017-07-29T18:57:06.300,value,10.8,value,,,0.02,value,50.2,bestfit,16.2,-10.2,34.0,bestfit,9.1,-10.1,35.4,bestfit,6.5,-4.8,,,,,0.37,bestfit,0.21,-0.25,79.5,bestfit,14.7,-10.2,,,,,0.81,bestfit,0.07,-0.13,4.8,bestfit,1.7,-1.7,4.2,bestfit,0.9,-1.5,2860.0,bestfit,840.0,-840.0,0.49,bestfit,0.19,-0.21,1040.0,value,O2,value,HLV,value,GW,value,0.98,value
GW170809,1186302519.8,value,2017-08-09T08:28:58.800,value,12.8,bestfit,0.2,-0.3,1e-07,value,35.0,bestfit,8.3,-5.9,23.8,bestfit,5.1,-5.2,24.9,bestfit,2.1,-1.7,,,,,0.08,bestfit,0.17,-0.17,56.3,bestfit,5.2,-3.8,,,,,0.7,bestfit,0.08,-0.09,2.7,bestfit,0.6,-0.6,3.5,bestfit,0.6,-0.9,1010.0,bestfit,210.0,-210.0,0.2,bestfit,0.05,-0.07,308.0,value,O2,value,HLV,value,GW,value,1.0,value
GW170814,1186741861.5,value,2017-08-14T10:31:20.500,value,17.7,bestfit,0.2,-0.3,1e-07,value,30.6,bestfit,5.6,-3.0,25.2,bestfit,2.8,-4.0,24.1,bestfit,1.4,-1.1,,,,,0.07,bestfit,0.12,-0.12,53.2,bestfit,3.2,-2.4,,,,,0.72,bestfit,0.07,-0.05,2.7,bestfit,0.4,-0.3,3.7,bestfit,0.4,-0.5,586.0,bestfit,113.0,-113.0,0.12,bestfit,0.03,-0.04,87.0,value,O2,value,HLV,value,GW,value,1.0,value
GW170817,1187008882.4,value,2017-08-17T12:41:41.400,value,33.0,value,,,1e-07,value,1.46,bestfit,0.12,-0.1,1.27,bestfit,0.09,-0.09,1.186,bestfit,0.001,-0.001,,,,,0.0,bestfit,0.0,0.0,2.8,value,,,,,,,0.89,value,,,0.04,value,,,0.1,value,,,38.0,bestfit,7.5,-7.5,0.01,value,,,16.0,value,O2,value,HLV,value,GW,value,1.0,value
GW170818,1187058327.1,value,2017-08-18T02:25:46.100,value,12.0,bestfit,0.3,-0.4,4.2e-05,value,35.4,bestfit,7.5,-4.7,26.7,bestfit,4.3,-5.2,26.5,bestfit,2.1,-1.7,,,,,-0.09,bestfit,0.18,-0.21,59.4,bestfit,4.9,-3.8,,,,,0.67,bestfit,0.07,-0.08,2.7,bestfit,0.5,-0.5,3.4,bestfit,0.5,-0.7,1070.0,bestfit,250.0,-250.0,0.21,bestfit,0.07,-0.07,39.0,value,O2,value,HLV,value,GW,value,1.0,value
GW170823,1187529256.5,value,2017-08-23T13:14:35.500,value,12.2,bestfit,0.2,-0.3,1e-07,value,39.5,bestfit,11.2,-6.7,29.0,bestfit,6.7,-7.8,29.2,bestfit,4.6,-3.6,,,,,0.09,bestfit,0.22,-0.26,65.4,bestfit,10.1,-7.4,,,,,0.72,bestfit,0.09,-0.12,3.3,bestfit,1.0,-0.9,3.6,bestfit,0.7,-1.1,1930.0,bestfit,530.0,-530.0,0.35,bestfit,0.15,-0.15,1670.0,value,O2,value,HL,value,GW,value,1.0,value
GW190403_051519,1238303737.2,value,2019-04-03T05:15:56.200,value,7.6,bestfit,0.6,-1.1,7.7,value,85.0,bestfit,27.8,-33.0,20.0,bestfit,26.3,-8.4,34.0,bestfit,15.1,-8.4,106.6,bestfit,26.7,-23.6,0.68,bestfit,0.16,-0.43,102.2,bestfit,26.3,-24.3,0.2304,bestfit,0.5693,-0.115,0.91,bestfit,0.05,-0.17,4.54,bestfit,3.38,-2.62,2.35,bestfit,2.78,-1.58,8280.0,bestfit,6720.0,-4290.0,1.18,bestfit,0.73,-0.53,5590.0,value,O3a,value,HL,value,GW,value,0.60924,value
GW190408_181802,1238782700.2,value,2019-04-08T18:18:39.200,value,14.6,bestfit,0.2,-0.3,1e-05,value,24.8,bestfit,5.4,-3.5,18.5,bestfit,3.3,-4.0,18.5,bestfit,1.9,-1.2,43.4,bestfit,4.2,-3.0,-0.03,bestfit,0.13,-0.17,41.4,bestfit,3.9,-2.9,0.753,bestfit,0.2132,-0.257,0.67,bestfit,0.06,-0.07,1.94,bestfit,0.35,-0.35,3.45,bestfit,0.35,-0.73,1540.0,bestfit,440.0,-620.0,0.29,bestfit,0.07,-0.11,139.0,value,O3a,value,HLV,value,GW,value,1.0,value
GW190412,1239082262.1,value,2019-04-12T05:31:21.100,value,19.8,bestfit,0.2,-0.3,1e-05,value,27.7,bestfit,6.0,-6.0,9.0,bestfit,2.0,-1.4,13.3,bestfit,0.5,-0.5,36.8,bestfit,4.7,-4.4,0.21,bestfit,0.12,-0.13,35.6,bestfit,4.8,-4.5,0.3254,bestfit,0.1716,-0.0971,0.66,bestfit,0.05,-0.04,1.19,bestfit,0.19,-0.15,2.13,bestfit,0.84,-0.63,720.0,bestfit,240.0,-220.0,0.15,bestfit,0.04,-0.04,21.0,value,O3a,value,HLV,value,GW,value,1.0,value
GW190413_052954,1239168612.5,value,2019-04-13T05:30:31.500,value,9.0,bestfit,0.4,-0.8,0.82,value,33.7,bestfit,10.4,-6.4,24.2,bestfit,6.5,-7.0,24.5,bestfit,4.6,-3.4,58.0,bestfit,10.6,-7.8,-0.04,bestfit,0.27,-0.32,55.5,bestfit,10.1,-7.3,0.731,bestfit,0.24,-0.3086,0.67,bestfit,0.1,-0.12,2.56,bestfit,0.87,-0.77,3.39,bestfit,0.62,-1.09,3320.0,bestfit,1910.0,-1400.0,0.56,bestfit,0.25,-0.21,1380.0,value,O3a,value,HL,value,GW,value,0.9275,value
GW190413_134308,1239198206.7,value,2019-04-13T13:43:45.700,value,10.6,bestfit,0.4,-0.5,0.18,value,51.3,bestfit,16.6,-12.6,30.4,bestfit,11.7,-12.7,33.3,bestfit,7.8,-6.3,81.3,bestfit,16.8,-11.8,-0.01,bestfit,0.28,-0.38,78.0,bestfit,16.1,-11.5,0.6036,bestfit,0.3474,-0.3198,0.68,bestfit,0.12,-0.18,3.38,bestfit,1.35,-1.57,3.17,bestfit,0.84,-1.7,3800.0,bestfit,2480.0,-1830.0,0.62,bestfit,0.32,-0.26,516.0,value,O3a,value,HLV,value,GW,value,0.99058,value
GW190421_213856,1239917954.2,value,2019-04-21T21:39:33.200,value,10.7,bestfit,0.2,-0.4,0.0028,value,42.0,bestfit,10.1,-7.4,32.0,bestfit,8.3,-9.8,31.4,bestfit,6.0,-4.6,73.6,bestfit,13.2,-9.5,-0.1,bestfit,0.21,-0.27,70.5,bestfit,12.4,-9.0,0.7836,bestfit,0.1954,-0.3239,0.66,bestfit,0.09,-0.12,3.22,bestfit,0.95,-0.96,3.38,bestfit,0.45,-0.99,2590.0,bestfit,1490.0,-1240.0,0.45,bestfit,0.21,-0.19,1020.0,value,O3a,value,HL,value,GW,value,0.99792,value
GW190424_180648,1240164426.1,value,2019-04-24T18:07:25.100,value,10.09,value,,,9.04,value,,,,,,,,,,,,,,,,,,,,,,,,,,,,,,,,,,,,,,,,,,,,,,,,,25900.0,value,O3a,value,LV,value,Marginal,value,0.12110151519463319,value
GW190425,1240215503.0,value,2019-04-25T08:18:42.000,value,12.4,bestfit,0.4,-0.4,0.034,value,2.1,bestfit,0.5,-0.4,1.3,bestfit,0.3,-0.2,1.44,bestfit,0.02,-0.02,3.4,bestfit,0.3,-0.1,0.07,bestfit,0.07,-0.05,,,,,0.6354,bestfit,0.3098,-0.2026,,,,,,,,,,,,,150.0,bestfit,80.0,-60.0,0.03,bestfit,0.02,-0.01,9880.0,value,O3a,value,LV,value,GW,value,0.78349,value
GW190426_152155,1240327333.3,value,2019-04-26T15:22:32.300,value,10.12,value,,,0.91,value,,,,,,,,,,,,,,,,,,,,,,,,,,,,,,,,,,,,,,,,,,,,,,,,,1390.0,value,O3a,value,HLV,value,Marginal,value,,
GW190426_190642,1240340820.6,value,2019-04-26T19:07:19.600,value,8.7,bestfit,0.4,-0.6,4.1,value,105.5,bestfit,45.3,-24.1,76.0,bestfit,26.2,-36.5,76.0,bestfit,19.1,-17.4,182.3,bestfit,40.2,-35.7,0.23,bestfit,0.42,-0.41,172.9,bestfit,37.7,-33.6,0.7617,bestfit,0.2157,-0.4827,0.77,bestfit,0.14,-0.16,9.29,bestfit,4.68,-3.91,3.8,bestfit,1.15,-1.79,4580.0,bestfit,3400.0,-2280.0,0.73,bestfit,0.41,-0.32,8220.0,value,O3a,value,HL,value,GW,value,0.75053,value
GW190503_185404,1240944862.2,value,2019-05-03T18:54:41.200,value,12.2,bestfit,0.2,-0.4,1e-05,value,41.3,bestfit,10.3,-7.7,28.3,bestfit,7.5,-9.2,29.3,bestfit,4.5,-4.4,69.4,bestfit,10.1,-8.6,-0.05,bestfit,0.23,-0.3,66.5,bestfit,9.4,-7.9,0.6906,bestfit,0.2707,-0.2922,0.66,bestfit,0.09,-0.15,3.0,bestfit,0.95,-1.07,3.31,bestfit,0.59,-1.22,1520.0,bestfit,630.0,-600.0,0.29,bestfit,0.1,-0.1,94.0,value,O3a,value,HLV,value,GW,value,1.0,value
GW190512_180714,1241719652.4,value,2019-05-12T18:07:51.400,value,12.7,bestfit,0.3,-0.4,1e-05,value,23.2,bestfit,5.6,-5.6,12.5,bestfit,3.5,-2.6,14.6,bestfit,1.4,-0.9,35.8,bestfit,4.1,-3.5,0.02,bestfit,0.13,-0.14,34.3,bestfit,4.1,-3.4,0.5384,bestfit,0.3619,-0.1808,0.65,bestfit,0.06,-0.07,1.45,bestfit,0.25,-0.26,3.0,bestfit,0.68,-0.86,1460.0,bestfit,510.0,-590.0,0.28,bestfit,0.08,-0.1,226.0,value,O3a,value,HLV,value,GW,value,1.0,value
GW190513_205428,1241816086.7,value,2019-05-13T20:55:05.700,value,12.5,bestfit,0.3,-0.4,1.3e-05,value,36.0,bestfit,10.6,-9.7,18.3,bestfit,7.4,-4.7,21.8,bestfit,3.8,-2.2,54.4,bestfit,9.3,-6.7,0.16,bestfit,0.29,-0.22,52.1,bestfit,8.8,-6.6,0.5059,bestfit,0.414,-0.1948,0.71,bestfit,0.13,-0.13,2.32,bestfit,1.2,-0.68,3.16,bestfit,1.21,-1.23,2210.0,bestfit,990.0,-810.0,0.4,bestfit,0.14,-0.13,490.0,value,O3a,value,HLV,value,GW,value,0.99998,value
GW190514_065416,1241852074.8,value,2019-05-14T06:54:53.800,value,8.0,bestfit,0.3,-0.6,2.8,value,40.9,bestfit,17.3,-9.3,28.4,bestfit,10.0,-10.1,29.1,bestfit,8.1,-5.4,69.3,bestfit,19.8,-12.1,-0.08,bestfit,0.29,-0.35,66.4,bestfit,19.0,-11.5,0.7106,bestfit,0.2564,-0.3498,0.66,bestfit,0.12,-0.16,2.92,bestfit,1.25,-1.05,3.27,bestfit,0.65,-1.35,3890.0,bestfit,2610.0,-2070.0,0.64,bestfit,0.33,-0.3,2400.0,value,O3a,value,HL,value,GW,value,0.76021,value
GW190517_055101,1242107479.8,value,2019-05-17T05:51:38.800,value,10.8,bestfit,0.5,-0.6,0.00035,value,39.2,bestfit,13.9,-9.2,24.0,bestfit,7.4,-7.9,26.5,bestfit,4.0,-4.2,64.1,bestfit,9.9,-9.8,0.49,bestfit,0.21,-0.28,60.1,bestfit,9.9,-9.4,0.6186,bestfit,0.3212,-0.3045,0.87,bestfit,0.05,-0.07,3.94,bestfit,1.3,-1.61,4.5,bestfit,0.99,-2.24,1790.0,bestfit,1750.0,-880.0,0.33,bestfit,0.26,-0.15,462.0,value,O3a,value,HLV,value,GW,value,1.0,value
GW190519_153544,1242315362.3,value,2019-05-19T15:36:21.300,value,15.9,bestfit,0.2,-0.3,1e-05,value,65.1,bestfit,10.8,-11.0,40.8,bestfit,11.5,-12.7,44.3,bestfit,6.8,-7.5,105.6,bestfit,14.4,-13.9,0.33,bestfit,0.2,-0.24,100.0,bestfit,13.0,-12.9,0.6272,bestfit,0.2623,-0.2231,0.79,bestfit,0.07,-0.12,5.68,bestfit,1.85,-1.94,3.9,bestfit,0.87,-1.26,2600.0,bestfit,1720.0,-960.0,0.45,bestfit,0.24,-0.15,769.0,value,O3a,value,HLV,value,GW,value,1.0,value
GW190521,1242442967.4,value,2019-05-21T03:03:06.400,value,14.3,bestfit,0.5,-0.4,0.0013,value,98.4,bestfit,33.6,-21.7,57.2,bestfit,27.1,-30.1,63.3,bestfit,19.6,-14.6,153.1,bestfit,42.2,-16.2,-0.14,bestfit,0.5,-0.45,147.4,bestfit,40.0,-16.0,0.5871,bestfit,0.3329,-0.376,0.62,bestfit,0.21,-0.23,5.91,bestfit,4.41,-3.78,2.87,bestfit,1.45,-2.08,3310.0,bestfit,2790.0,-1800.0,0.56,bestfit,0.36,-0.27,936.0,value,O3a,value,HLV,value,GW,value,0.99989,value
GW190521_074359,1242459857.4,value,2019-05-21T07:44:36.400,value,25.9,bestfit,0.1,-0.2,1e-05,value,43.4,bestfit,5.8,-5.5,33.4,bestfit,5.2,-6.8,32.8,bestfit,3.2,-2.8,76.3,bestfit,7.0,-5.9,0.1,bestfit,0.13,-0.13,72.6,bestfit,6.5,-5.4,0.7749,bestfit,0.1842,-0.2067,0.71,bestfit,0.06,-0.06,3.75,bestfit,0.65,-0.67,3.71,bestfit,0.35,-0.56,1080.0,bestfit,580.0,-530.0,0.21,bestfit,0.1,-0.1,501.0,value,O3a,value,HL,value,GW,value,1.0,value
GW190527_092055,1242984073.7,value,2019-05-27T09:21:32.700,value,8.0,bestfit,0.4,-0.9,0.23,value,35.6,bestfit,18.7,-8.0,22.2,bestfit,9.0,-8.7,23.9,bestfit,6.8,-3.9,58.1,bestfit,18.1,-8.8,0.1,bestfit,0.22,-0.22,55.5,bestfit,17.9,-8.5,0.6355,bestfit,0.3074,-0.359,0.71,bestfit,0.1,-0.16,2.61,bestfit,1.17,-1.1,3.43,bestfit,0.76,-1.89,2520.0,bestfit,2080.0,-1230.0,0.44,bestfit,0.29,-0.19,3800.0,value,O3a,value,HL,value,GW,value,0.84784,value
GW190531_023648,1243305426.3,value,2019-05-31T02:37:25.300,value,9.951,value,,,0.41,value,,,,,,,,,,,,,,,,,,,,,,,,,,,,,,,,,,,,,,,,,,,,,,,,,,,O3a,value,HLV,value,Marginal,value,,
GW190602_175927,1243533585.0,value,2019-06-02T18:00:04.000,value,13.2,bestfit,0.2,-0.3,1e-05,value,71.8,bestfit,18.1,-14.6,44.8,bestfit,15.5,-19.6,48.0,bestfit,9.5,-9.7,115.6,bestfit,19.2,-14.8,0.12,bestfit,0.25,-0.28,110.5,bestfit,17.9,-13.9,0.6297,bestfit,0.3217,-0.3418,0.72,bestfit,0.11,-0.17,5.33,bestfit,1.95,-2.46,3.44,bestfit,0.87,-1.78,2840.0,bestfit,1930.0,-1280.0,0.49,bestfit,0.26,-0.2,716.0,value,O3a,value,HLV,value,GW,value,1.0,value
GW190620_030421,1245035079.3,value,2019-06-20T03:04:58.300,value,12.1,bestfit,0.3,-0.4,0.011,value,58.0,bestfit,19.2,-13.3,35.0,bestfit,13.1,-14.5,38.1,bestfit,8.5,-7.2,92.7,bestfit,18.5,-13.2,0.34,bestfit,0.22,-0.29,88.0,bestfit,17.2,-12.4,0.6063,bestfit,0.342,-0.3194,0.8,bestfit,0.07,-0.15,4.92,bestfit,2.09,-2.4,3.91,bestfit,0.97,-2.17,2910.0,bestfit,1710.0,-1320.0,0.5,bestfit,0.23,-0.2,6680.0,value,O3a,value,LV,value,GW,value,0.98748,value
GW190630_185205,1245955943.1,value,2019-06-30T18:52:42.100,value,16.4,bestfit,0.2,-0.3,1e-05,value,35.1,bestfit,6.5,-5.5,24.0,bestfit,5.5,-5.2,25.1,bestfit,2.2,-2.1,59.4,bestfit,4.7,-4.8,0.1,bestfit,0.14,-0.13,56.6,bestfit,4.4,-4.5,0.6804,bestfit,0.2752,-0.2166,0.7,bestfit,0.06,-0.07,2.79,bestfit,0.56,-0.55,3.55,bestfit,0.49,-0.8,870.0,bestfit,530.0,-360.0,0.18,bestfit,0.09,-0.07,1280.0,value,O3a,value,LV,value,GW,value,1.0,value
GW190701_203306,1246048404.5,value,2019-07-01T20:33:43.500,value,11.2,bestfit,0.2,-0.4,0.0057,value,54.1,bestfit,12.6,-8.0,40.5,bestfit,8.7,-12.1,40.2,bestfit,5.4,-5.0,94.3,bestfit,12.0,-9.5,-0.08,bestfit,0.23,-0.31,90.2,bestfit,11.2,-8.9,0.7607,bestfit,0.2108,-0.3135,0.66,bestfit,0.09,-0.13,4.11,bestfit,1.09,-1.18,3.36,bestfit,0.51,-1.02,2090.0,bestfit,770.0,-740.0,0.38,bestfit,0.11,-0.12,45.0,value,O3a,value,HLV,value,GW,value,0.99986,value
GW190706_222641,1246487219.3,value,2019-07-06T22:27:18.300,value,13.4,bestfit,0.2,-0.4,5e-05,value,74.0,bestfit,20.1,-16.9,39.4,bestfit,18.4,-15.4,45.6,bestfit,13.0,-9.1,112.6,bestfit,27.4,-16.8,0.28,bestfit,0.25,-0.31,107.3,bestfit,25.2,-15.9,0.5379,bestfit,0.3436,-0.2481,0.78,bestfit,0.09,-0.19,5.52,bestfit,2.77,-2.57,3.51,bestfit,1.21,-1.74,3630.0,bestfit,2600.0,-2000.0,0.6,bestfit,0.33,-0.29,607.0,value,O3a,value,HLV,value,GW,value,1.0,value
GW190707_093326,1246527224.1,value,2019-07-07T09:34:03.100,value,13.1,bestfit,0.2,-0.4,1e-05,value,12.1,bestfit,2.6,-2.0,7.9,bestfit,1.6,-1.3,8.4,bestfit,0.6,-0.4,20.1,bestfit,1.7,-1.2,-0.04,bestfit,0.1,-0.09,19.2,bestfit,1.7,-1.2,0.6602,bestfit,0.2737,-0.2022,0.66,bestfit,0.03,-0.03,0.865,bestfit,0.08,-0.084,3.29,bestfit,0.28,-0.62,850.0,bestfit,340.0,-400.0,0.17,bestfit,0.06,-0.08,1340.0,value,O3a,value,HL,value,GW,value,1.0,value
GW190708_232457,1246663515.3,value,2019-07-08T23:25:34.300,value,13.4,bestfit,0.2,-0.3,0.00031,value,19.8,bestfit,4.3,-4.3,11.6,bestfit,3.1,-2.0,13.1,bestfit,0.9,-0.6,31.4,bestfit,2.8,-2.2,0.05,bestfit,0.1,-0.1,30.1,bestfit,2.9,-2.1,0.5848,bestfit,0.3579,-0.1779,0.68,bestfit,0.04,-0.05,1.37,bestfit,0.15,-0.16,3.23,bestfit,0.49,-0.72,930.0,bestfit,310.0,-390.0,0.19,bestfit,0.06,-0.07,13700.0,value,O3a,value,LV,value,GW,value,0.99965,value
GW190719_215514,1247608532.9,value,2019-07-19T21:55:51.900,value,7.9,bestfit,0.3,-0.7,0.63,value,36.6,bestfit,42.1,-11.1,19.9,bestfit,10.0,-9.3,22.8,bestfit,8.3,-4.3,57.2,bestfit,38.4,-11.6,0.25,bestfit,0.33,-0.32,54.5,bestfit,38.3,-11.1,0.5481,bestfit,0.3959,-0.405,0.76,bestfit,0.13,-0.18,2.61,bestfit,1.76,-1.32,3.46,bestfit,1.17,-2.62,3730.0,bestfit,3120.0,-2070.0,0.61,bestfit,0.39,-0.3,2280.0,value,O3a,value,HL,value,GW,value,0.91976,value
GW190720_000836,1247616534.7,value,2019-07-20T00:09:13.700,value,10.9,bestfit,0.3,-0.8,1e-05,value,14.2,bestfit,5.6,-3.3,7.5,bestfit,2.2,-1.8,9.0,bestfit,0.4,-0.8,21.8,bestfit,3.8,-2.0,0.19,bestfit,0.14,-0.11,20.8,bestfit,3.9,-2.0,0.5289,bestfit,0.357,-0.2379,0.71,bestfit,0.05,-0.05,0.963,bestfit,0.115,-0.161,3.21,bestfit,0.66,-1.18,770.0,bestfit,650.0,-260.0,0.16,bestfit,0.11,-0.05,509.0,value,O3a,value,HLV,value,GW,value,1.0,value
GW190725_174728,1248112066.4,value,2019-07-25T17:48:05.400,value,9.1,bestfit,0.4,-0.7,0.46,value,11.8,bestfit,10.1,-3.0,6.3,bestfit,2.1,-2.5,7.4,bestfit,0.5,-0.5,18.3,bestfit,7.4,-1.9,-0.04,bestfit,0.36,-0.16,17.6,bestfit,7.7,-1.8,0.5329,bestfit,0.4075,-0.3606,0.65,bestfit,0.09,-0.07,0.707,bestfit,0.11,-0.233,2.88,bestfit,0.65,-1.89,1030.0,bestfit,520.0,-430.0,0.2,bestfit,0.09,-0.08,2290.0,value,O3a,value,HLV,value,GW,value,0.96021,value
GW190727_060333,1248242631.9,value,2019-07-27T06:04:10.900,value,11.7,bestfit,0.2,-0.5,1e-05,value,38.9,bestfit,8.9,-6.0,30.2,bestfit,6.5,-8.3,29.4,bestfit,4.6,-3.7,68.8,bestfit,10.2,-7.8,0.09,bestfit,0.25,-0.27,65.4,bestfit,9.5,-7.3,0.7915,bestfit,0.1856,-0.3031,0.73,bestfit,0.09,-0.11,3.37,bestfit,0.94,-0.88,3.7,bestfit,0.62,-0.91,3070.0,bestfit,1300.0,-1230.0,0.52,bestfit,0.18,-0.18,861.0,value,O3a,value,HLV,value,GW,value,1.0,value
GW190728_064510,1248331528.5,value,2019-07-28T06:45:47.500,value,13.1,bestfit,0.3,-0.4,1e-05,value,12.5,bestfit,6.9,-2.3,8.0,bestfit,1.7,-2.6,8.6,bestfit,0.6,-0.3,20.7,bestfit,4.2,-1.4,0.13,bestfit,0.19,-0.07,19.7,bestfit,4.4,-1.4,0.6443,bestfit,0.301,-0.3595,0.71,bestfit,0.04,-0.04,0.963,bestfit,0.092,-0.183,3.51,bestfit,0.37,-1.52,880.0,bestfit,260.0,-380.0,0.18,bestfit,0.05,-0.07,409.0,value,O3a,value,HLV,value,GW,value,1.0,value
GW190731_140936,1248617394.6,value,2019-07-31T14:10:13.600,value,8.8,bestfit,0.3,-0.4,0.33,value,41.8,bestfit,12.7,-9.1,29.0,bestfit,10.2,-9.9,29.7,bestfit,7.4,-5.3,70.7,bestfit,16.3,-11.4,0.07,bestfit,0.28,-0.25,67.4,bestfit,15.3,-10.8,0.7164,bestfit,0.2529,-0.3229,0.71,bestfit,0.12,-0.14,3.3,bestfit,1.4,-1.13,3.57,bestfit,0.74,-1.33,3330.0,bestfit,2350.0,-1770.0,0.56,bestfit,0.31,-0.26,3040.0,value,O3a,value,HL,value,GW,value,0.83427,value
GW190803_022701,1248834439.8,value,2019-08-03T02:27:38.800,value,9.3,bestfit,0.3,-0.5,0.073,value,37.7,bestfit,9.8,-6.7,27.6,bestfit,7.6,-8.5,27.6,bestfit,5.4,-3.8,65.0,bestfit,12.0,-8.1,-0.01,bestfit,0.23,-0.28,62.1,bestfit,11.2,-7.6,0.7536,bestfit,0.2191,-0.3166,0.68,bestfit,0.09,-0.12,2.94,bestfit,0.9,-0.89,3.47,bestfit,0.54,-1.1,3190.0,bestfit,1630.0,-1470.0,0.54,bestfit,0.22,-0.22,1540.0,value,O3a,value,HLV,value,GW,value,0.97383,value
GW190805_211137,1249074715.3,value,2019-08-05T21:12:14.300,value,8.1,bestfit,0.5,-0.7,0.63,value,46.2,bestfit,15.4,-11.2,30.6,bestfit,11.8,-11.3,31.9,bestfit,8.8,-6.3,76.7,bestfit,19.5,-13.8,0.37,bestfit,0.29,-0.39,72.4,bestfit,18.2,-13.2,0.6832,bestfit,0.2773,-0.3255,0.82,bestfit,0.09,-0.16,4.3,bestfit,1.85,-1.63,4.08,bestfit,1.15,-1.57,6130.0,bestfit,3720.0,-3080.0,0.92,bestfit,0.43,-0.4,3950.0,value,O3a,value,HL,value,GW,value,0.95372,value
GW190814,1249852257.0,value,2019-08-14T21:11:16.000,value,25.3,bestfit,0.1,-0.2,1e-05,value,23.3,bestfit,1.4,-1.4,2.6,bestfit,0.1,-0.1,6.11,bestfit,0.06,-0.05,25.9,bestfit,1.3,-1.3,0.0,bestfit,0.0,0.0,25.7,bestfit,1.3,-1.3,0.1112,bestfit,0.0118,-0.0108,0.28,bestfit,0.03,-0.03,0.242,bestfit,0.007,-0.007,0.397,bestfit,0.056,-0.051,230.0,bestfit,40.0,-50.0,0.05,bestfit,0.01,-0.01,19.0,value,O3a,value,HLV,value,GW,value,1.0,value
GW190828_063405,1251009263.7,value,2019-08-28T06:34:42.700,value,16.5,bestfit,0.2,-0.3,1e-05,value,31.9,bestfit,5.4,-4.1,25.8,bestfit,4.9,-5.3,24.6,bestfit,3.6,-2.0,57.2,bestfit,7.9,-4.3,0.15,bestfit,0.15,-0.16,54.3,bestfit,7.3,-4.0,0.8234,bestfit,0.1586,-0.2449,0.74,bestfit,0.07,-0.07,2.96,bestfit,0.67,-0.53,3.89,bestfit,0.39,-0.61,2070.0,bestfit,650.0,-920.0,0.38,bestfit,0.1,-0.15,519.0,value,O3a,value,HLV,value,GW,value,1.0,value
GW190828_065509,1251010527.8,value,2019-08-28T06:55:46.800,value,10.2,bestfit,0.4,-0.5,3.5e-05,value,23.7,bestfit,6.8,-6.7,10.4,bestfit,3.8,-2.2,13.4,bestfit,1.4,-1.0,34.3,bestfit,5.2,-4.3,0.05,bestfit,0.16,-0.17,33.0,bestfit,5.3,-4.3,0.4411,bestfit,0.3814,-0.1614,0.64,bestfit,0.08,-0.08,1.25,bestfit,0.29,-0.25,2.59,bestfit,0.98,-0.89,1540.0,bestfit,690.0,-650.0,0.29,bestfit,0.11,-0.11,635.0,value,O3a,value,HLV,value,GW,value,0.99998,value
GW190909_114149,1252064527.7,value,2019-09-09T11:42:26.700,value,9.048,value,,,26.2,value,,,,,,,,,,,,,,,,,,,,,,,,,,,,,,,,,,,,,,,,,,,,,,,,,4070.0,value,O3a,value,HL,value,Marginal,value,0.1525430959725358,value
GW190910_112807,1252150105.3,value,2019-09-10T11:28:44.300,value,14.5,bestfit,0.2,-0.3,0.0029,value,43.8,bestfit,7.6,-6.8,34.2,bestfit,6.6,-7.3,33.5,bestfit,4.2,-4.1,78.0,bestfit,9.3,-9.1,0.0,bestfit,0.0,0.0,74.4,bestfit,8.5,-8.6,0.7905,bestfit,0.1841,-0.2282,0.69,bestfit,0.07,-0.08,3.62,bestfit,0.84,-0.76,3.57,bestfit,0.41,-0.62,1520.0,bestfit,1090.0,-630.0,0.29,bestfit,0.17,-0.11,10000.0,value,O3a,value,LV,value,GW,value,0.99669,value
GW190915_235702,1252627040.6,value,2019-09-15T23:57:39.600,value,13.1,bestfit,0.2,-0.3,1e-05,value,32.6,bestfit,8.8,-4.9,24.5,bestfit,4.9,-5.8,24.4,bestfit,3.0,-2.3,57.2,bestfit,7.1,-5.3,-0.03,bestfit,0.19,-0.24,54.7,bestfit,6.6,-5.0,0.7603,bestfit,0.2089,-0.2938,0.69,bestfit,0.08,-0.09,2.57,bestfit,0.61,-0.58,3.46,bestfit,0.45,-0.89,1750.0,bestfit,710.0,-650.0,0.32,bestfit,0.11,-0.11,383.0,value,O3a,value,HLV,value,GW,value,1.0,value
GW190916_200658,1252699636.9,value,2019-09-16T20:07:35.900,value,8.1,bestfit,0.3,-0.5,4.7,value,43.8,bestfit,19.9,-12.6,23.3,bestfit,12.5,-10.0,26.9,bestfit,8.2,-5.4,68.0,bestfit,18.3,-13.1,0.2,bestfit,0.33,-0.31,65.0,bestfit,17.3,-12.6,0.561,bestfit,0.3842,-0.3127,0.74,bestfit,0.13,-0.24,3.08,bestfit,2.09,-1.47,3.41,bestfit,1.19,-1.99,4940.0,bestfit,3710.0,-2380.0,0.77,bestfit,0.45,-0.32,4210.0,value,O3a,value,HLV,value,GW,value,0.65727,value
GW190917_114630,1252756008.0,value,2019-09-17T11:47:07.000,value,8.3,bestfit,0.5,-0.8,0.66,value,9.7,bestfit,3.4,-3.9,2.1,bestfit,1.1,-0.4,3.7,bestfit,0.2,-0.2,11.8,bestfit,3.0,-2.8,-0.08,bestfit,0.21,-0.43,11.6,bestfit,3.1,-2.9,0.2039,bestfit,0.3053,-0.0872,0.42,bestfit,0.14,-0.05,0.209,bestfit,0.065,-0.044,0.99,bestfit,1.28,-0.514,720.0,bestfit,300.0,-310.0,0.15,bestfit,0.05,-0.06,2070.0,value,O3a,value,HLV,value,GW,value,0.76643,value
GW190924_021846,1253326744.8,value,2019-09-24T02:19:23.800,value,12.0,bestfit,0.3,-0.4,1e-05,value,8.8,bestfit,4.3,-1.8,5.1,bestfit,1.2,-1.5,5.8,bestfit,0.2,-0.2,13.9,bestfit,2.8,-0.9,0.03,bestfit,0.2,-0.08,13.3,bestfit,3.0,-0.9,0.58,bestfit,0.3242,-0.3015,0.67,bestfit,0.05,-0.04,0.59,bestfit,0.049,-0.113,3.15,bestfit,0.48,-1.35,550.0,bestfit,220.0,-220.0,0.11,bestfit,0.04,-0.04,378.0,value,O3a,value,HLV,value,GW,value,1.0,value
GW190925_232845,1253489343.1,value,2019-09-25T23:29:22.100,value,9.7,bestfit,0.3,-0.6,0.0072,value,20.8,bestfit,6.5,-2.9,15.5,bestfit,2.5,-3.6,15.6,bestfit,1.1,-1.1,36.7,bestfit,3.6,-2.8,0.09,bestfit,0.16,-0.15,34.9,bestfit,3.5,-2.6,0.7476,bestfit,0.2175,-0.2709,0.71,bestfit,0.06,-0.06,1.79,bestfit,0.27,-0.25,3.68,bestfit,0.36,-0.72,930.0,bestfit,460.0,-350.0,0.19,bestfit,0.08,-0.07,1230.0,value,O3a,value,HV,value,GW,value,0.98849,value
GW190926_050336,1253509434.0,value,2019-09-26T05:04:13.000,value,8.1,bestfit,0.6,-0.8,1.1,value,41.1,bestfit,20.8,-12.5,20.4,bestfit,11.4,-8.2,24.4,bestfit,9.0,-4.9,61.9,bestfit,22.7,-12.0,-0.02,bestfit,0.25,-0.32,59.6,bestfit,22.1,-11.8,0.5695,bestfit,0.3761,-0.3092,0.64,bestfit,0.14,-0.2,2.48,bestfit,1.24,-1.1,3.0,bestfit,0.84,-1.66,3280.0,bestfit,3400.0,-1730.0,0.55,bestfit,0.44,-0.26,2510.0,value,O3a,value,HLV,value,GW,value,0.54334,value
GW190929_012149,1253755327.4,value,2019-09-29T01:22:26.400,value,9.7,bestfit,0.4,-0.6,0.16,value,66.3,bestfit,21.6,-16.6,26.8,bestfit,14.7,-10.6,35.6,bestfit,10.2,-7.4,93.3,bestfit,23.3,-15.0,-0.03,bestfit,0.23,-0.28,90.3,bestfit,22.3,-14.6,0.4035,bestfit,0.3361,-0.1998,0.6,bestfit,0.17,-0.22,3.05,bestfit,1.74,-1.47,2.29,bestfit,1.29,-1.34,3130.0,bestfit,2510.0,-1370.0,0.53,bestfit,0.33,-0.2,1850.0,value,O3a,value,HLV,value,GW,value,0.87042,value
GW190930_133541,1253885759.2,value,2019-09-30T13:36:18.200,value,9.7,bestfit,0.3,-0.5,0.012,value,14.2,bestfit,8.0,-4.0,6.9,bestfit,2.4,-2.1,8.5,bestfit,0.5,-0.4,21.2,bestfit,5.9,-2.0,0.19,bestfit,0.22,-0.16,20.2,bestfit,6.1,-2.0,0.4877,bestfit,0.4252,-0.2674,0.71,bestfit,0.07,-0.06,0.896,bestfit,0.139,-0.176,3.02,bestfit,0.86,-1.45,770.0,bestfit,320.0,-320.0,0.16,bestfit,0.06,-0.06,1830.0,value,O3a,value,HL,value,GW,value,0.99785,value
GW191103_012549,1256779567.5,value,2019-11-03T01:26:26.500,value,8.9,bestfit,0.3,-0.5,0.46,value,11.8,bestfit,6.2,-2.2,7.9,bestfit,1.7,-2.4,8.34,bestfit,0.66,-0.57,20.0,bestfit,3.7,-1.8,0.21,bestfit,0.16,-0.1,19.0,bestfit,3.8,-1.7,0.6722,bestfit,0.286,-0.3659,0.75,bestfit,0.06,-0.05,0.976,bestfit,0.132,-0.174,3.73,bestfit,0.39,-1.5,990.0,bestfit,500.0,-470.0,0.2,bestfit,0.09,-0.09,2520.0,value,O3b,value,HL,value,GW,value,0.94318,value
GW191105_143521,1256999739.9,value,2019-11-05T14:35:58.900,value,9.7,bestfit,0.3,-0.5,0.012,value,10.7,bestfit,3.7,-1.6,7.7,bestfit,1.4,-1.9,7.82,bestfit,0.61,-0.45,18.5,bestfit,2.1,-1.3,-0.02,bestfit,0.13,-0.09,17.6,bestfit,2.1,-1.2,0.7214,bestfit,0.2425,-0.3114,0.67,bestfit,0.04,-0.05,0.818,bestfit,0.088,-0.118,3.43,bestfit,0.26,-0.96,1150.0,bestfit,430.0,-480.0,0.23,bestfit,0.07,-0.09,729.0,value,O3b,value,HLV,value,GW,value,0.99,value
GW191109_010717,1257296855.2,value,2019-11-09T01:07:54.200,value,17.3,bestfit,0.5,-0.5,0.00018,value,65.0,bestfit,11.0,-11.0,47.0,bestfit,15.0,-13.0,47.5,bestfit,9.6,-7.5,112.0,bestfit,20.0,-16.0,-0.29,bestfit,0.42,-0.31,107.0,bestfit,18.0,-15.0,0.7319,bestfit,0.2127,-0.2382,0.61,bestfit,0.18,-0.19,4.34,bestfit,2.3,-1.35,3.05,bestfit,0.81,-0.84,1290.0,bestfit,1130.0,-650.0,0.25,bestfit,0.18,-0.12,1780.0,value,O3b,value,HL,value,GW,value,0.99,value
GW191113_071753,1257664691.8,value,2019-11-13T07:18:30.800,value,7.9,bestfit,0.5,-1.1,26.0,value,29.0,bestfit,12.0,-14.0,5.9,bestfit,4.4,-1.3,10.7,bestfit,1.1,-1.0,34.5,bestfit,10.5,-9.8,0.0,bestfit,0.0,0.0,34.0,bestfit,11.0,-10.0,0.2022,bestfit,0.4902,-0.0869,0.45,bestfit,0.33,-0.11,0.619,bestfit,0.571,-0.136,0.999,bestfit,2.371,-0.488,1370.0,bestfit,1150.0,-620.0,0.26,bestfit,0.18,-0.11,2990.0,value,O3b,value,HLV,value,GW,value,0.68339,value
GW191118_212859,1258147757.4,value,2019-11-18T21:29:36.400,value,9.121,value,,,1.3,value,,,,,,,,,,,,,,,,,,,,,,,,,,,,,,,,,,,,,,,,,,,,,,,,,,,O3b,value,LV,value,Marginal,value,0.0452,value
GW191126_115259,1258804397.6,value,2019-11-26T11:53:36.600,value,8.3,bestfit,0.2,-0.5,3.2,value,12.1,bestfit,5.5,-2.2,8.3,bestfit,1.9,-2.4,8.65,bestfit,0.95,-0.71,20.7,bestfit,3.4,-2.0,0.21,bestfit,0.15,-0.11,19.6,bestfit,3.5,-2.0,0.6852,bestfit,0.276,-0.3469,0.75,bestfit,0.06,-0.05,1.02,bestfit,0.16,-0.17,3.74,bestfit,0.39,-1.28,1620.0,bestfit,740.0,-740.0,0.3,bestfit,0.12,-0.13,1520.0,value,O3b,value,HL,value,GW,value,0.70041,value
GW191127_050227,1258866165.5,value,2019-11-27T05:03:04.500,value,9.2,bestfit,0.7,-0.6,0.25,value,53.0,bestfit,47.0,-20.0,24.0,bestfit,17.0,-14.0,29.9,bestfit,11.7,-9.1,80.0,bestfit,39.0,-22.0,0.18,bestfit,0.34,-0.36,76.0,bestfit,39.0,-21.0,0.4666,bestfit,0.4663,-0.3534,0.75,bestfit,0.13,-0.29,3.03,bestfit,2.6,-2.09,2.98,bestfit,1.54,-2.56,3400.0,bestfit,3100.0,-1900.0,0.57,bestfit,0.4,-0.29,1500.0,value,O3b,value,HLV,value,GW,value,0.73996,value
GW191129_134029,1259070047.1,value,2019-11-29T13:41:06.100,value,13.1,bestfit,0.2,-0.3,1e-05,value,10.7,bestfit,4.1,-2.1,6.7,bestfit,1.5,-1.7,7.31,bestfit,0.43,-0.28,17.5,bestfit,2.4,-1.2,0.06,bestfit,0.16,-0.08,16.8,bestfit,2.5,-1.2,0.6347,bestfit,0.3102,-0.2927,0.69,bestfit,0.03,-0.05,0.781,bestfit,0.073,-0.118,3.37,bestfit,0.38,-1.14,790.0,bestfit,260.0,-330.0,0.16,bestfit,0.05,-0.06,848.0,value,O3b,value,HL,value,GW,value,0.99,value
GW191204_110529,1259492747.5,value,2019-12-04T11:06:06.500,value,8.8,bestfit,0.4,-0.6,3.3,value,27.3,bestfit,11.0,-6.0,19.3,bestfit,5.6,-6.0,19.8,bestfit,3.6,-3.3,47.2,bestfit,9.2,-8.0,0.05,bestfit,0.26,-0.27,45.0,bestfit,8.6,-7.6,0.7295,bestfit,0.2376,-0.3564,0.71,bestfit,0.12,-0.11,2.14,bestfit,0.74,-0.61,3.5,bestfit,0.61,-1.19,1800.0,bestfit,1700.0,-1100.0,0.34,bestfit,0.25,-0.18,4750.0,value,O3b,value,HL,value,GW,value,0.74239,value
GW191204_171526,1259514944.0,value,2019-12-04T17:16:03.000,value,17.5,bestfit,0.2,-0.2,1e-05,value,11.9,bestfit,3.3,-1.8,8.2,bestfit,1.4,-1.6,8.55,bestfit,0.38,-0.27,20.21,bestfit,1.7,-0.96,0.16,bestfit,0.08,-0.05,19.21,bestfit,1.79,-0.95,0.6913,bestfit,0.2539,-0.2581,0.73,bestfit,0.03,-0.03,0.993,bestfit,0.07,-0.107,3.7,bestfit,0.28,-0.84,650.0,bestfit,190.0,-250.0,0.13,bestfit,0.04,-0.05,345.0,value,O3b,value,HL,value,GW,value,0.99,value
GW191215_223052,1260484270.3,value,2019-12-15T22:31:29.300,value,11.2,bestfit,0.3,-0.4,1e-05,value,24.9,bestfit,7.1,-4.1,18.1,bestfit,3.8,-4.1,18.4,bestfit,2.2,-1.7,43.3,bestfit,5.3,-4.3,-0.04,bestfit,0.17,-0.21,41.4,bestfit,5.1,-4.1,0.7302,bestfit,0.2367,-0.2743,0.68,bestfit,0.07,-0.07,1.9,bestfit,0.37,-0.34,3.39,bestfit,0.4,-0.81,1930.0,bestfit,890.0,-860.0,0.35,bestfit,0.13,-0.14,596.0,value,O3b,value,HLV,value,GW,value,0.99,value
GW191216_213338,1260567236.4,value,2019-12-16T21:34:15.400,value,18.6,bestfit,0.2,-0.2,1e-05,value,12.1,bestfit,4.6,-2.3,7.7,bestfit,1.6,-1.9,8.33,bestfit,0.22,-0.19,19.81,bestfit,2.69,-0.94,0.11,bestfit,0.13,-0.06,18.87,bestfit,2.8,-0.94,0.6352,bestfit,0.3071,-0.2868,0.7,bestfit,0.03,-0.04,0.92,bestfit,0.058,-0.13,3.46,bestfit,0.37,-1.11,340.0,bestfit,120.0,-130.0,0.07,bestfit,0.02,-0.03,480.0,value,O3b,value,HV,value,GW,value,0.99,value
GW191219_163120,1260808298.4,value,2019-12-19T16:31:57.400,value,9.1,bestfit,0.5,-0.8,4.0,value,31.1,bestfit,2.2,-2.8,1.17,bestfit,0.07,-0.06,4.32,bestfit,0.12,-0.17,32.3,bestfit,2.2,-2.7,0.0,bestfit,0.0,0.0,32.2,bestfit,2.2,-2.7,0.03752,bestfit,0.00535,-0.00364,0.14,bestfit,0.06,-0.06,0.086,bestfit,0.0039,-0.0038,0.0577,bestfit,0.0125,-0.0078,550.0,bestfit,250.0,-160.0,0.11,bestfit,0.05,-0.03,2230.0,value,O3b,value,HLV,value,GW,value,0.8224,value
GW191222_033537,1261020955.1,value,2019-12-22T03:36:14.100,value,12.5,bestfit,0.2,-0.3,1e-05,value,45.1,bestfit,10.9,-8.0,34.7,bestfit,9.3,-10.5,33.8,bestfit,7.1,-5.0,79.0,bestfit,16.0,-11.0,-0.04,bestfit,0.2,-0.25,75.5,bestfit,15.3,-9.9,0.7936,bestfit,0.1825,-0.3192,0.67,bestfit,0.08,-0.11,3.57,bestfit,1.04,-1.0,3.48,bestfit,0.44,-0.92,3000.0,bestfit,1700.0,-1700.0,0.51,bestfit,0.23,-0.26,2300.0,value,O3b,value,HL,value,GW,value,0.99,value
GW191230_180458,1261764316.4,value,2019-12-30T18:05:35.400,value,10.4,bestfit,0.3,-0.4,0.05,value,49.4,bestfit,14.0,-9.6,37.0,bestfit,11.0,-12.0,36.5,bestfit,8.2,-5.6,86.0,bestfit,19.0,-12.0,-0.05,bestfit,0.26,-0.31,82.0,bestfit,17.0,-11.0,0.7719,bestfit,0.2035,-0.3412,0.68,bestfit,0.11,-0.13,3.81,bestfit,1.32,-1.16,3.43,bestfit,0.56,-1.1,4300.0,bestfit,2100.0,-1900.0,0.69,bestfit,0.26,-0.27,1010.0,value,O3b,value,HLV,value,GW,value,0.96159,value
GW200105_162426,1262276684.0,value,2020-01-05T16:25:03.000,value,13.7,bestfit,0.2,-0.4,0.2,value,9.1,bestfit,1.7,-1.7,1.91,bestfit,0.33,-0.24,3.42,bestfit,0.08,-0.08,11.0,bestfit,1.5,-1.4,0.0,bestfit,0.0,0.0,10.8,bestfit,1.5,-1.4,,,,,0.43,bestfit,0.05,-0.02,,,,,,,,,270.0,bestfit,120.0,-110.0,0.06,bestfit,0.02,-0.02,7880.0,value,O3b,value,LV,value,Marginal,value,0.362,value
GW200112_155838,1262879936.0,value,2020-01-12T15:59:15.000,value,19.8,bestfit,0.1,-0.2,1e-05,value,35.6,bestfit,6.7,-4.5,28.3,bestfit,4.4,-5.9,27.4,bestfit,2.6,-2.1,63.9,bestfit,5.7,-4.6,0.06,bestfit,0.15,-0.15,60.8,bestfit,5.3,-4.3,0.8065,bestfit,0.1703,-0.2592,0.71,bestfit,0.06,-0.06,3.08,bestfit,0.59,-0.53,3.68,bestfit,0.37,-0.64,1250.0,bestfit,430.0,-460.0,0.24,bestfit,0.07,-0.08,4250.0,value,O3b,value,LV,value,GW,value,0.99,value
GW200115_042309,1263097407.7,value,2020-01-15T04:23:46.700,value,11.3,bestfit,0.3,-0.5,1e-05,value,5.9,bestfit,2.0,-2.5,1.44,bestfit,0.85,-0.29,2.43,bestfit,0.05,-0.07,7.4,bestfit,1.8,-1.7,-0.15,bestfit,0.24,-0.42,7.2,bestfit,1.8,-1.7,0.2427,bestfit,0.4321,-0.0973,0.42,bestfit,0.09,-0.05,0.145,bestfit,0.047,-0.024,1.19,bestfit,1.48,-0.54,290.0,bestfit,150.0,-100.0,0.06,bestfit,0.03,-0.02,512.0,value,O3b,value,HLV,value,GW,value,0.99,value
GW200128_022011,1264213229.9,value,2020-01-28T02:20:48.900,value,10.6,bestfit,0.3,-0.4,0.0043,value,42.2,bestfit,11.6,-8.1,32.6,bestfit,9.5,-9.2,32.0,bestfit,7.5,-5.5,75.0,bestfit,17.0,-12.0,0.12,bestfit,0.24,-0.25,71.0,bestfit,16.0,-11.0,0.7971,bestfit,0.1805,-0.2983,0.74,bestfit,0.1,-0.1,3.72,bestfit,1.38,-1.04,3.77,bestfit,0.6,-0.85,3400.0,bestfit,2100.0,-1800.0,0.56,bestfit,0.28,-0.28,2680.0,value,O3b,value,HL,value,GW,value,0.99,value
GW200129_065458,1264316116.4,value,2020-01-29T06:55:35.400,value,26.8,bestfit,0.2,-0.2,1e-05,value,34.5,bestfit,9.9,-3.2,28.9,bestfit,3.4,-9.3,27.2,bestfit,2.1,-2.3,63.4,bestfit,4.3,-3.6,0.11,bestfit,0.11,-0.16,60.3,bestfit,4.0,-3.3,0.8539,bestfit,0.1232,-0.408,0.73,bestfit,0.06,-0.05,3.18,bestfit,0.42,-0.86,3.82,bestfit,0.26,-1.21,900.0,bestfit,290.0,-380.0,0.18,bestfit,0.05,-0.07,81.0,value,O3b,value,HLV,value,GW,value,0.99,value
GW200201_203549,1264624567.0,value,2020-02-01T20:36:26.000,value,9.046,value,,,1.4,value,,,,,,,,,,,,,,,,,,,,,,,,,,,,,,,,,,,,,,,,,,,,,,,,,,,O3b,value,HLV,value,Marginal,value,0.116,value
GW200202_154313,1264693411.5,value,2020-02-02T15:43:50.500,value,10.8,bestfit,0.2,-0.4,1e-05,value,10.1,bestfit,3.5,-1.4,7.3,bestfit,1.1,-1.7,7.49,bestfit,0.24,-0.2,17.58,bestfit,1.78,-0.67,0.04,bestfit,0.13,-0.06,16.76,bestfit,1.87,-0.66,0.7247,bestfit,0.2417,-0.3118,0.69,bestfit,0.03,-0.04,0.814,bestfit,0.047,-0.094,3.54,bestfit,0.22,-0.95,410.0,bestfit,150.0,-160.0,0.09,bestfit,0.03,-0.03,159.0,value,O3b,value,HLV,value,GW,value,0.99,value
GW200208_130117,1265202095.9,value,2020-02-08T13:01:54.900,value,10.8,bestfit,0.3,-0.4,0.00031,value,37.8,bestfit,9.2,-6.2,27.4,bestfit,6.1,-7.4,27.7,bestfit,3.6,-3.1,65.4,bestfit,7.8,-6.8,-0.07,bestfit,0.22,-0.27,62.5,bestfit,7.3,-6.4,0.734,bestfit,0.2314,-0.2919,0.66,bestfit,0.09,-0.13,2.83,bestfit,0.77,-0.77,3.35,bestfit,0.52,-1.02,2230.0,bestfit,1000.0,-850.0,0.4,bestfit,0.15,-0.14,38.0,value,O3b,value,HLV,value,GW,value,0.99,value
GW200208_222617,1265235995.9,value,2020-02-08T22:26:54.900,value,7.4,bestfit,1.4,-1.2,4.8,value,51.0,bestfit,104.0,-30.0,12.3,bestfit,9.0,-5.7,19.6,bestfit,10.7,-5.1,63.0,bestfit,100.0,-25.0,0.45,bestfit,0.43,-0.44,61.0,bestfit,100.0,-25.0,0.2147,bestfit,0.6687,-0.1582,0.83,bestfit,0.14,-0.27,2.09,bestfit,1.96,-1.29,1.85,bestfit,2.6,-1.55,4100.0,bestfit,4400.0,-1900.0,0.66,bestfit,0.54,-0.28,1890.0,value,O3b,value,HLV,value,GW,value,0.70006,value
GW200209_085452,1265273710.1,value,2020-02-09T08:55:29.100,value,9.6,bestfit,0.4,-0.5,0.046,value,35.6,bestfit,10.5,-6.8,27.1,bestfit,7.8,-7.8,26.7,bestfit,6.0,-4.2,62.6,bestfit,13.9,-9.4,-0.12,bestfit,0.24,-0.3,59.9,bestfit,13.1,-8.9,0.7844,bestfit,0.1923,-0.3082,0.66,bestfit,0.1,-0.12,2.71,bestfit,0.89,-0.77,3.34,bestfit,0.5,-0.91,3400.0,bestfit,1900.0,-1800.0,0.57,bestfit,0.25,-0.26,925.0,value,O3b,value,HLV,value,GW,value,0.97236,value
GW200210_092254,1265361792.9,value,2020-02-10T09:23:31.900,value,8.4,bestfit,0.5,-0.7,1.2,value,24.1,bestfit,7.5,-4.6,2.83,bestfit,0.47,-0.42,6.56,bestfit,0.38,-0.4,27.0,bestfit,7.1,-4.3,0.02,bestfit,0.22,-0.21,26.7,bestfit,7.2,-4.3,0.1178,bestfit,0.0484,-0.0409,0.34,bestfit,0.13,-0.08,0.271,bestfit,0.033,-0.029,0.442,bestfit,0.227,-0.187,940.0,bestfit,430.0,-340.0,0.19,bestfit,0.08,-0.06,1830.0,value,O3b,value,HLV,value,GW,value,0.54462,value
GW200216_220804,1265926102.8,value,2020-02-16T22:08:41.800,value,8.1,bestfit,0.4,-0.5,0.35,value,51.0,bestfit,22.0,-13.0,30.0,bestfit,14.0,-16.0,32.9,bestfit,9.3,-8.5,81.0,bestfit,20.0,-14.0,0.1,bestfit,0.34,-0.36,78.0,bestfit,19.0,-13.0,0.6092,bestfit,0.3473,-0.4021,0.7,bestfit,0.14,-0.24,3.53,bestfit,1.95,-2.05,3.32,bestfit,1.08,-2.29,3800.0,bestfit,3000.0,-2000.0,0.63,bestfit,0.37,-0.29,3010.0,value,O3b,value,HLV,value,GW,value,0.77277,value
GW200219_094415,1266140673.1,value,2020-02-19T09:44:52.100,value,10.7,bestfit,0.3,-0.5,0.00099,value,37.5,bestfit,10.1,-6.9,27.9,bestfit,7.4,-8.4,27.6,bestfit,5.6,-3.8,65.0,bestfit,12.6,-8.2,-0.08,bestfit,0.23,-0.29,62.2,bestfit,11.7,-7.8,0.7663,bestfit,0.2075,-0.3158,0.66,bestfit,0.1,-0.13,2.84,bestfit,0.91,-0.81,3.37,bestfit,0.5,-1.0,3400.0,bestfit,1700.0,-1500.0,0.57,bestfit,0.22,-0.22,702.0,value,O3b,value,HLV,value,GW,value,0.99,value
GW200220_061928,1266214786.7,value,2020-02-20T06:20:05.700,value,7.2,bestfit,0.4,-0.7,6.8,value,87.0,bestfit,40.0,-23.0,61.0,bestfit,26.0,-25.0,62.0,bestfit,23.0,-15.0,148.0,bestfit,55.0,-33.0,0.06,bestfit,0.4,-0.38,141.0,bestfit,51.0,-31.0,0.7315,bestfit,0.2393,-0.4131,0.71,bestfit,0.15,-0.17,6.87,bestfit,3.88,-2.93,3.52,bestfit,0.98,-1.7,6000.0,bestfit,4800.0,-3100.0,0.9,bestfit,0.55,-0.4,3480.0,value,O3b,value,HLV,value,GW,value,0.62376,value
GW200220_124850,1266238148.1,value,2020-02-20T12:49:27.100,value,8.5,bestfit,0.3,-0.5,30.0,value,38.9,bestfit,14.1,-8.6,27.9,bestfit,9.2,-9.0,28.2,bestfit,7.3,-5.1,67.0,bestfit,17.0,-12.0,-0.07,bestfit,0.27,-0.33,64.0,bestfit,16.0,-11.0,0.7375,bestfit,0.2342,-0.3311,0.67,bestfit,0.11,-0.14,2.87,bestfit,1.12,-0.93,3.34,bestfit,0.58,-1.2,4000.0,bestfit,2800.0,-2200.0,0.66,bestfit,0.36,-0.31,3170.0,value,O3b,value,HL,value,GW,value,0.82579,value
GW200224_222234,1266618172.4,value,2020-02-24T22:23:11.400,value,20.0,bestfit,0.2,-0.2,1e-05,value,40.0,bestfit,6.9,-4.5,32.5,bestfit,5.0,-7.2,31.1,bestfit,3.2,-2.6,72.2,bestfit,7.2,-5.1,0.1,bestfit,0.15,-0.15,68.6,bestfit,6.6,-4.7,0.8216,bestfit,0.1577,-0.2623,0.73,bestfit,0.07,-0.07,3.61,bestfit,0.67,-0.7,3.78,bestfit,0.36,-0.67,1710.0,bestfit,490.0,-640.0,0.32,bestfit,0.08,-0.11,50.0,value,O3b,value,HLV,value,GW,value,0.99,value
GW200225_060421,1266645879.3,value,2020-02-25T06:04:58.300,value,12.5,bestfit,0.3,-0.4,1.1e-05,value,19.3,bestfit,5.0,-3.0,14.0,bestfit,2.8,-3.5,14.2,bestfit,1.5,-1.4,33.5,bestfit,3.6,-3.0,-0.12,bestfit,0.17,-0.28,32.1,bestfit,3.5,-2.8,0.7278,bestfit,0.2339,-0.28,0.66,bestfit,0.07,-0.13,1.43,bestfit,0.27,-0.39,3.27,bestfit,0.41,-0.99,1150.0,bestfit,510.0,-530.0,0.22,bestfit,0.09,-0.1,509.0,value,O3b,value,HL,value,GW,value,0.99,value
GW200302_015811,1267149509.5,value,2020-03-02T01:58:48.500,value,10.8,bestfit,0.3,-0.4,0.11,value,37.8,bestfit,8.7,-8.5,20.0,bestfit,8.1,-5.7,23.4,bestfit,4.7,-3.0,57.8,bestfit,9.6,-6.9,0.01,bestfit,0.25,-0.26,55.5,bestfit,8.9,-6.6,0.5306,bestfit,0.3581,-0.2032,0.66,bestfit,0.13,-0.15,2.3,bestfit,1.07,-0.78,2.96,bestfit,1.02,-1.19,1480.0,bestfit,1020.0,-700.0,0.28,bestfit,0.16,-0.12,7010.0,value,O3b,value,HV,value,GW,value,0.90643,value
GW200306_093714,1267522652.1,value,2020-03-06T09:37:51.100,value,7.8,bestfit,0.4,-0.6,24.0,value,28.3,bestfit,17.1,-7.7,14.8,bestfit,6.5,-6.4,17.5,bestfit,3.5,-3.0,43.9,bestfit,11.8,-7.5,0.32,bestfit,0.28,-0.46,41.7,bestfit,12.3,-6.9,0.5273,bestfit,0.4036,-0.3326,0.78,bestfit,0.11,-0.26,2.08,bestfit,1.17,-1.08,3.47,bestfit,1.44,-2.38,2100.0,bestfit,1700.0,-1100.0,0.38,bestfit,0.24,-0.18,4370.0,value,O3b,value,HL,value,GW,value,0.81156,value
GW200308_173609,1267724187.7,value,2020-03-08T17:36:46.700,value,7.1,bestfit,0.5,-0.5,2.4,value,36.4,bestfit,11.2,-9.6,13.8,bestfit,7.2,-3.3,19.0,bestfit,4.8,-2.8,50.6,bestfit,10.9,-8.5,0.65,bestfit,0.17,-0.21,47.4,bestfit,11.1,-7.7,0.3864,bestfit,0.4825,-0.2867,0.91,bestfit,0.03,-0.08,3.29,bestfit,3.89,-2.01,2.94,bestfit,1.93,-2.59,5400.0,bestfit,2700.0,-2600.0,0.83,bestfit,0.32,-0.35,18700.0,value,O3b,value,HLV,value,GW,value,0.8566,value
GW200311_103121,1267957899.7,value,2020-03-11T10:31:58.700,value,9.2,value,,,1.3,value,,,,,,,,,,,,,,,,,,,,,,,,,,,,,,,,,,,,,,,,,,,,,,,,,,,O3b,value,HL,value,Marginal,value,0.194,value
GW200311_115853,1267963151.3,value,2020-03-11T11:59:30.300,value,17.8,bestfit,0.2,-0.2,1e-05,value,34.2,bestfit,6.4,-3.8,27.7,bestfit,4.1,-5.9,26.6,bestfit,2.4,-2.0,61.9,bestfit,5.3,-4.2,-0.02,bestfit,0.16,-0.2,59.0,bestfit,4.8,-3.9,0.8193,bestfit,0.1601,-0.2693,0.69,bestfit,0.07,-0.08,2.87,bestfit,0.52,-0.57,3.56,bestfit,0.33,-0.66,1170.0,bestfit,280.0,-400.0,0.23,bestfit,0.05,-0.07,35.0,value,O3b,value,HLV,value,GW,value,0.99,value
GW200316_215756,1268431094.1,value,2020-03-16T21:58:33.100,value,10.3,bestfit,0.4,-0.7,1e-05,value,13.1,bestfit,10.2,-2.9,7.8,bestfit,1.9,-2.9,8.75,bestfit,0.62,-0.55,21.2,bestfit,7.2,-2.0,0.13,bestfit,0.27,-0.1,20.2,bestfit,7.4,-1.9,0.5954,bestfit,0.3405,-0.3817,0.7,bestfit,0.04,-0.04,0.942,bestfit,0.11,-0.216,3.34,bestfit,0.5,-1.86,1120.0,bestfit,470.0,-440.0,0.22,bestfit,0.08,-0.08,411.0,value,O3b,value,HLV,value,GW,value,0.99,value
GW200322_091133,1268903511.3,value,2020-03-22T09:12:10.300,value,6.0,bestfit,1.7,-1.2,140.0,value,34.0,bestfit,48.0,-18.0,14.0,bestfit,16.8,-8.7,15.5,bestfit,15.7,-3.7,55.0,bestfit,37.0,-27.0,0.24,bestfit,0.45,-0.51,53.0,bestfit,38.0,-26.0,0.2942,bestfit,0.6282,-0.2626,0.78,bestfit,0.16,-0.17,1.66,bestfit,3.04,-1.27,1.94,bestfit,2.33,-1.87,3600.0,bestfit,7000.0,-2000.0,0.6,bestfit,0.84,-0.3,31600.0,value,O3b,value,HLV,value,GW,value,0.61501,value
GW230529_181500,1369419318.7,value,2023-05-29T18:15:37.700,value,11.6,value,,,0.001,value,3.6,bestfit,0.8,-1.2,1.4,bestfit,0.6,-0.2,1.94,bestfit,0.04,-0.04,5.1,bestfit,0.6,-0.6,-0.1,bestfit,0.12,-0.17,,,,,0.39,bestfit,0.41,-0.12,,,,,,,,,,,,,201.0,bestfit,102.0,-96.0,0.04,bestfit,0.02,-0.02,24100.0,value,O4a,value,L,value,GW,value,,
S230518h,1368449966.167,value,2023-05-18T12:59:45.167,value,,,,,0.0102,value,,,,,,,,,,,,,,,,,,,,,,,,,,,,,,,,,,,,,,,,,204.0,bestfit,57.0,-57.0,,,,,460.0,value,O4a,value,HL,value,Candidate,value,,
S230520ae,1368658140.567,value,2023-05-20T22:49:19.567,value,,,,,0.0966,value,,,,,,,,,,,,,,,,,,,,,,,,,,,,,,,,,,,,,,,,,2010.0,bestfit,660.0,-660.0,,,,,1700.0,value,O4a,value,HL,value,Candidate,value,,
S230522a,1368783503.135,value,2023-05-22T09:38:42.135,value,,,,,0.327,value,,,,,,,,,,,,,,,,,,,,,,,,,,,,,,,,,,,,,,,,,3100.0,bestfit,1030.0,-1030.0,,,,,24200.0,value,O4a,value,L,value,Candidate,value,,
S230522n,1368804651.391,value,2023-05-22T15:31:10.391,value,,,,,0.204,value,,,,,,,,,,,,,,,,,,,,,,,,,,,,,,,,,,,,,,,,,2930.0,bestfit,1080.0,-1080.0,,,,,24200.0,value,O4a,value,L,value,Candidate,value,,
S230601bf,1369694512.096,value,2023-06-01T22:42:11.096,value,,,,,5.41e-08,value,,,,,,,,,,,,,,,,,,,,,,,,,,,,,,,,,,,,,,,,,3570.0,bestfit,1260.0,-1260.0,,,,,2530.0,value,O4a,value,HL,value,Candidate,value,,
S230605o,1369983241.493,value,2023-06-05T06:54:20.493,value,,,,,0.143,value,,,,,,,,,,,,,,,,,,,,,,,,,,,,,,,,,,,,,,,,,1070.0,bestfit,330.0,-330.0,,,,,1080.0,value,O4a,value,HL,value,Candidate,value,,
S230606d,1370047403.793,value,2023-06-06T00:43:42.793,value,,,,,0.36,value,,,,,,,,,,,,,,,,,,,,,,,,,,,,,,,,,,,,,,,,,2540.0,bestfit,870.0,-870.0,,,,,1220.0,value,O4a,value,HL,value,Candidate,value,,
S230608as,1370292665.157,value,2023-06-08T20:51:24.157,value,,,,,0.00432,value,,,,,,,,,,,,,,,,,,,,,,,,,,,,,,,,,,,,,,,,,3450.0,bestfit,1080.0,-1080.0,,,,,1690.0,value,O4a,value,HL,value,Candidate,value,,
S230609u,1370328616.279,value,2023-06-09T06:50:35.279,value,,,,,0.317,value,,,,,,,,,,,,,,,,,,,,,,,,,,,,,,,,,,,,,,,,,3390.0,bestfit,1120.0,-1120.0,,,,,1290.0,value,O4a,value,HL,value,Candidate,value,,
S230624av,1371641481.77,value,2023-06-24T11:31:40.770,value,,,,,0.41,value,,,,,,,,,,,,,,,,,,,,,,,,,,,,,,,,,,,,,,,,,2120.0,bestfit,680.0,-680.0,,,,,1020.0,value,O4a,value,HL,value,Candidate,value,,
S230627c,1371866035.819,value,2023-06-27T01:54:14.819,value,,,,,0.01,value,,,,,,,,,,,,,,,,,,,,,,,,,,,,,,,,,,,,,,,,,291.0,bestfit,64.0,-64.0,,,,,82.0,value,O4a,value,HL,value,Candidate,value,,
S230628ax,1372029138.373,value,2023-06-28T23:12:37.373,value,,,,,0.01,value,,,,,,,,,,,,,,,,,,,,,,,,,,,,,,,,,,,,,,,,,2050.0,bestfit,590.0,-590.0,,,,,705.0,value,O4a,value,HL,value,Candidate,value,,
S230630am,1372165104.902,value,2023-06-30T12:58:43.902,value,,,,,0.761,value,,,,,,,,,,,,,,,,,,,,,,,,,,,,,,,,,,,,,,,,,5340.0,bestfit,2000.0,-2000.0,,,,,3640.0,value,O4a,value,HL,value,Candidate,value,,
S230630bq,1372203950.407,value,2023-06-30T23:46:09.407,value,,,,,0.244,value,,,,,,,,,,,,,,,,,,,,,,,,,,,,,,,,,,,,,,,,,999.0,bestfit,286.0,-286.0,,,,,1220.0,value,O4a,value,HL,value,Candidate,value,,
S230702an,1372359311.738,value,2023-07-02T18:55:30.738,value,,,,,4.84e-05,value,,,,,,,,,,,,,,,,,,,,,,,,,,,,,,,,,,,,,,,,,2430.0,bestfit,850.0,-850.0,,,,,2270.0,value,O4a,value,HL,value,Candidate,value,,
S230704f,1372471949.224,value,2023-07-04T02:12:48.224,value,,,,,0.0889,value,,,,,,,,,,,,,,,,,,,,,,,,,,,,,,,,,,,,,,,,,2760.0,bestfit,990.0,-990.0,,,,,1700.0,value,O4a,value,HL,value,Candidate,value,,
S230706ah,1372675431.157,value,2023-07-06T10:44:10.157,value,,,,,1.34,value,,,,,,,,,,,,,,,,,,,,,,,,,,,,,,,,,,,,,,,,,1960.0,bestfit,590.0,-590.0,,,,,1500.0,value,O4a,value,HL,value,Candidate,value,,
S230707ai,1372768865.349,value,2023-07-07T12:41:24.349,value,,,,,0.434,value,,,,,,,,,,,,,,,,,,,,,,,,,,,,,,,,,,,,,,,,,4070.0,bestfit,1480.0,-1480.0,,,,,3180.0,value,O4a,value,HL,value,Candidate,value,,
S230708cf,1372892993.477,value,2023-07-08T23:10:12.477,value,,,,,0.489,value,,,,,,,,,,,,,,,,,,,,,,,,,,,,,,,,,,,,,,,,,3340.0,bestfit,1080.0,-1080.0,,,,,2030.0,value,O4a,value,HL,value,Candidate,value,,
S230708t,1372829843.12,value,2023-07-08T05:37:42.120,value,,,,,1.37,value,,,,,,,,,,,,,,,,,,,,,,,,,,,,,,,,,,,,,,,,,3010.0,bestfit,990.0,-990.0,,,,,1230.0,value,O4a,value,HL,value,Candidate,value,,
S230708z,1372835957.444,value,2023-07-08T07:19:36.444,value,,,,,2.22,value,,,,,,,,,,,,,,,,,,,,,,,,,,,,,,,,,,,,,,,,,4650.0,bestfit,1700.0,-1700.0,,,,,3370.0,value,O4a,value,HL,value,Candidate,value,,
S230709bi,1372940865.202,value,2023-07-09T12:28:04.202,value,,,,,0.0966,value,,,,,,,,,,,,,,,,,,,,,,,,,,,,,,,,,,,,,,,,,4360.0,bestfit,1580.0,-1580.0,,,,,2640.0,value,O4a,value,HL,value,Candidate,value,,
S230723ac,1374142732.451,value,2023-07-23T10:19:11.451,value,,,,,1.68,value,,,,,,,,,,,,,,,,,,,,,,,,,,,,,,,,,,,,,,,,,1550.0,bestfit,440.0,-440.0,,,,,1120.0,value,O4a,value,HL,value,Candidate,value,,
S230726a,1374366598.06,value,2023-07-26T00:30:17.060,value,,,,,1.21e-06,value,,,,,,,,,,,,,,,,,,,,,,,,,,,,,,,,,,,,,,,,,2130.0,bestfit,710.0,-710.0,,,,,27800.0,value,O4a,value,L,value,Candidate,value,,
S230729z,1374654215.201,value,2023-07-29T08:23:54.201,value,,,,,0.107,value,,,,,,,,,,,,,,,,,,,,,,,,,,,,,,,,,,,,,,,,,1490.0,bestfit,440.0,-440.0,,,,,1430.0,value,O4a,value,HL,value,Candidate,value,,
S230731an,1374875605.889,value,2023-07-31T21:53:44.889,value,,,,,0.01,value,,,,,,,,,,,,,,,,,,,,,,,,,,,,,,,,,,,,,,,,,1000.0,bestfit,240.0,-240.0,,,,,599.0,value,O4a,value,HL,value,Candidate,value,,
S230802aq,1375011257.961,value,2023-08-02T11:34:36.961,value,,,,,0.703,value,,,,,,,,,,,,,,,,,,,,,,,,,,,,,,,,,,,,,,,,,576.0,bestfit,246.0,-246.0,,,,,25900.0,value,O4a,value,H,value,Candidate,value,,
S230805x,1375242187.972,value,2023-08-05T03:43:26.972,value,,,,,0.29,value,,,,,,,,,,,,,,,,,,,,,,,,,,,,,,,,,,,,,,,,,3300.0,bestfit,1110.0,-1110.0,,,,,2090.0,value,O4a,value,HL,value,Candidate,value,,
S230806ak,1375389659.938,value,2023-08-06T20:41:18.938,value,,,,,0.0934,value,,,,,,,,,,,,,,,,,,,,,,,,,,,,,,,,,,,,,,,,,5420.0,bestfit,1860.0,-1860.0,,,,,3720.0,value,O4a,value,HL,value,Candidate,value,,
S230807f,1375476663.416,value,2023-08-07T20:51:22.416,value,,,,,2.25,value,,,,,,,,,,,,,,,,,,,,,,,,,,,,,,,,,,,,,,,,,5270.0,bestfit,1900.0,-1900.0,,,,,5440.0,value,O4a,value,HL,value,Candidate,value,,
S230811n,1375759294.293,value,2023-08-11T03:21:53.293,value,,,,,0.01,value,,,,,,,,,,,,,,,,,,,,,,,,,,,,,,,,,,,,,,,,,1900.0,bestfit,670.0,-670.0,,,,,810.0,value,O4a,value,HL,value,Candidate,value,,
S230814ah,1376089759.81,value,2023-08-14T23:09:38.810,value,,,,,5.83e-14,value,,,,,,,,,,,,,,,,,,,,,,,,,,,,,,,,,,,,,,,,,330.0,bestfit,105.0,-105.0,,,,,25300.0,value,O4a,value,L,value,Candidate,value,,
S230814r,1376029178.458,value,2023-08-14T06:19:57.458,value,,,,,1.52,value,,,,,,,,,,,,,,,,,,,,,,,,,,,,,,,,,,,,,,,,,3790.0,bestfit,1420.0,-1420.0,,,,,3390.0,value,O4a,value,HL,value,Candidate,value,,
S230819ax,1376500768.455,value,2023-08-19T17:19:47.455,value,,,,,0.279,value,,,,,,,,,,,,,,,,,,,,,,,,,,,,,,,,,,,,,,,,,4220.0,bestfit,1650.0,-1650.0,,,,,4040.0,value,O4a,value,HL,value,Candidate,value,,
S230820bq,1376601933.975,value,2023-08-20T21:25:52.975,value,,,,,1.34,value,,,,,,,,,,,,,,,,,,,,,,,,,,,,,,,,,,,,,,,,,,,,,,,,,1980.0,value,O4a,value,HL,value,Candidate,value,,
S230822bm,1376780635.497,value,2023-08-22T23:04:14.497,value,,,,,0.816,value,,,,,,,,,,,,,,,,,,,,,,,,,,,,,,,,,,,,,,,,,5150.0,bestfit,1770.0,-1770.0,,,,,3970.0,value,O4a,value,HL,value,Candidate,value,,
S230824r,1376883065.748,value,2023-08-24T03:31:24.748,value,,,,,0.000517,value,,,,,,,,,,,,,,,,,,,,,,,,,,,,,,,,,,,,,,,,,4700.0,bestfit,1560.0,-1560.0,,,,,2850.0,value,O4a,value,HL,value,Candidate,value,,
S230825k,1376972032.546,value,2023-08-25T04:14:11.546,value,,,,,0.0753,value,,,,,,,,,,,,,,,,,,,,,,,,,,,,,,,,,,,,,,,,,5280.0,bestfit,2120.0,-2120.0,,,,,3010.0,value,O4a,value,HL,value,Candidate,value,,
S230831e,1377482072.068,value,2023-08-31T01:54:51.068,value,,,,,0.625,value,,,,,,,,,,,,,,,,,,,,,,,,,,,,,,,,,,,,,,,,,4900.0,bestfit,2130.0,-2130.0,,,,,3800.0,value,O4a,value,HL,value,Candidate,value,,
S230904n,1377839431.128,value,2023-09-04T05:10:50.128,value,,,,,0.071,value,,,,,,,,,,,,,,,,,,,,,,,,,,,,,,,,,,,,,,,,,1100.0,bestfit,330.0,-330.0,,,,,1860.0,value,O4a,value,HL,value,Candidate,value,,
S230911ae,1378497222.201,value,2023-09-11T19:54:01.201,value,,,,,5.96e-05,value,,,,,,,,,,,,,,,,,,,,,,,,,,,,,,,,,,,,,,,,,1620.0,bestfit,580.0,-580.0,,,,,27800.0,value,O4a,value,H,value,Candidate,value,,
S230914ak,1378725259.729,value,2023-09-14T11:14:38.729,value,,,,,0.0284,value,,,,,,,,,,,,,,,,,,,,,,,,,,,,,,,,,,,,,,,,,2680.0,bestfit,830.0,-830.0,,,,,1530.0,value,O4a,value,HL,value,Candidate,value,,
S230919bj,1379195850.026,value,2023-09-19T21:57:49.026,value,,,,,0.01,value,,,,,,,,,,,,,,,,,,,,,,,,,,,,,,,,,,,,,,,,,1490.0,bestfit,400.0,-400.0,,,,,708.0,value,O4a,value,HL,value,Candidate,value,,
S230920al,1379229102.729,value,2023-09-20T07:12:01.729,value,,,,,0.01,value,,,,,,,,,,,,,,,,,,,,,,,,,,,,,,,,,,,,,,,,,3140.0,bestfit,1000.0,-1000.0,,,,,2180.0,value,O4a,value,HL,value,Candidate,value,,
S230922g,1379383442.886,value,2023-09-22T02:04:21.886,value,,,,,6.09e-17,value,,,,,,,,,,,,,,,,,,,,,,,,,,,,,,,,,,,,,,,,,1490.0,bestfit,440.0,-440.0,,,,,324.0,value,O4a,value,HL,value,Candidate,value,,
S230922q,1379390836.085,value,2023-09-22T04:07:35.085,value,,,,,0.0114,value,,,,,,,,,,,,,,,,,,,,,,,,,,,,,,,,,,,,,,,,,6650.0,bestfit,2350.0,-2350.0,,,,,4660.0,value,O4a,value,HL,value,Candidate,value,,
S230924an,1379594711.84,value,2023-09-24T12:45:30.840,value,,,,,0.01,value,,,,,,,,,,,,,,,,,,,,,,,,,,,,,,,,,,,,,,,,,2360.0,bestfit,600.0,-600.0,,,,,835.0,value,O4a,value,HL,value,Candidate,value,,
S230927be,1379864330.919,value,2023-09-27T15:39:09.919,value,,,,,0.01,value,,,,,,,,,,,,,,,,,,,,,,,,,,,,,,,,,,,,,,,,,1060.0,bestfit,290.0,-290.0,,,,,298.0,value,O4a,value,HL,value,Candidate,value,,
S230927l,1379824667.118,value,2023-09-27T04:38:06.118,value,,,,,0.339,value,,,,,,,,,,,,,,,,,,,,,,,,,,,,,,,,,,,,,,,,,2970.0,bestfit,1040.0,-1040.0,,,,,1180.0,value,O4a,value,HL,value,Candidate,value,,
S230928cb,1379973525.132,value,2023-09-28T21:59:04.132,value,,,,,0.03,value,,,,,,,,,,,,,,,,,,,,,,,,,,,,,,,,,,,,,,,,,4060.0,bestfit,1550.0,-1550.0,,,,,3100.0,value,O4a,value,HL,value,Candidate,value,,
S230930al,1380107268.411,value,2023-09-30T11:08:07.411,value,,,,,0.233,value,,,,,,,,,,,,,,,,,,,,,,,,,,,,,,,,,,,,,,,,,4900.0,bestfit,1670.0,-1670.0,,,,,3170.0,value,O4a,value,HL,value,Candidate,value,,
S231001aq,1380204158.72,value,2023-10-01T14:02:57.720,value,,,,,0.157,value,,,,,,,,,,,,,,,,,,,,,,,,,,,,,,,,,,,,,,,,,4420.0,bestfit,1950.0,-1950.0,,,,,3180.0,value,O4a,value,HL,value,Candidate,value,,
S231005ah,1380532567.485,value,2023-10-05T09:16:26.485,value,,,,,0.0645,value,,,,,,,,,,,,,,,,,,,,,,,,,,,,,,,,,,,,,,,,,3710.0,bestfit,1330.0,-1330.0,,,,,2500.0,value,O4a,value,HL,value,Candidate,value,,
S231005j,1380507048.981,value,2023-10-05T02:11:07.981,value,,,,,1.01,value,,,,,,,,,,,,,,,,,,,,,,,,,,,,,,,,,,,,,,,,,6420.0,bestfit,2250.0,-2250.0,,,,,5480.0,value,O4a,value,HL,value,Candidate,value,,
S231008ap,1380810339.816,value,2023-10-08T14:25:58.816,value,,,,,0.0483,value,,,,,,,,,,,,,,,,,,,,,,,,,,,,,,,,,,,,,,,,,3530.0,bestfit,1320.0,-1320.0,,,,,3100.0,value,O4a,value,HL,value,Candidate,value,,
S231014r,1381291550.99,value,2023-10-14T04:06:09.990,value,,,,,0.326,value,,,,,,,,,,,,,,,,,,,,,,,,,,,,,,,,,,,,,,,,,2860.0,bestfit,900.0,-900.0,,,,,1810.0,value,O4a,value,HL,value,Candidate,value,,
S231020ba,1381847405.583,value,2023-10-20T14:30:24.583,value,,,,,0.04,value,,,,,,,,,,,,,,,,,,,,,,,,,,,,,,,,,,,,,,,,,1170.0,bestfit,360.0,-360.0,,,,,1340.0,value,O4a,value,HL,value,Candidate,value,,
S231020bw,1381860327.78,value,2023-10-20T18:05:46.780,value,,,,,0.0109,value,,,,,,,,,,,,,,,,,,,,,,,,,,,,,,,,,,,,,,,,,2620.0,bestfit,690.0,-690.0,,,,,386.0,value,O4a,value,HL,value,Candidate,value,,
S231028bg,1382542224.253,value,2023-10-28T15:30:43.253,value,,,,,2.41e-23,value,,,,,,,,,,,,,,,,,,,,,,,,,,,,,,,,,,,,,,,,,4220.0,bestfit,920.0,-920.0,,,,,1210.0,value,O4a,value,HL,value,Candidate,value,,
S231029y,1382613326.754,value,2023-10-29T11:15:45.754,value,,,,,0.00683,value,,,,,,,,,,,,,,,,,,,,,,,,,,,,,,,,,,,,,,,,,3290.0,bestfit,1310.0,-1310.0,,,,,30000.0,value,O4a,value,L,value,Candidate,value,,
S231102w,1382944674.371,value,2023-11-02T07:18:13.371,value,,,,,1.84e-15,value,,,,,,,,,,,,,,,,,,,,,,,,,,,,,,,,,,,,,,,,,3490.0,bestfit,1020.0,-1020.0,,,,,2340.0,value,O4a,value,HL,value,Candidate,value,,
S231104ac,1383140076.945,value,2023-11-04T13:34:55.945,value,,,,,0.01,value,,,,,,,,,,,,,,,,,,,,,,,,,,,,,,,,,,,,,,,,,1360.0,bestfit,320.0,-320.0,,,,,759.0,value,O4a,value,HL,value,Candidate,value,,
S231108u,1383483120.463,value,2023-11-08T12:52:19.463,value,,,,,0.01,value,,,,,,,,,,,,,,,,,,,,,,,,,,,,,,,,,,,,,,,,,1990.0,bestfit,490.0,-490.0,,,,,949.0,value,O4a,value,HL,value,Candidate,value,,
S231110g,1383624218.221,value,2023-11-10T04:03:57.221,value,,,,,0.609,value,,,,,,,,,,,,,,,,,,,,,,,,,,,,,,,,,,,,,,,,,1850.0,bestfit,530.0,-530.0,,,,,636.0,value,O4a,value,HL,value,Candidate,value,,
S231113bb,1383913601.884,value,2023-11-13T12:27:00.884,value,,,,,1.77,value,,,,,,,,,,,,,,,,,,,,,,,,,,,,,,,,,,,,,,,,,3260.0,bestfit,1180.0,-1180.0,,,,,2170.0,value,O4a,value,HL,value,Candidate,value,,
S231113bw,1383941075.911,value,2023-11-13T20:04:54.911,value,,,,,0.43,value,,,,,,,,,,,,,,,,,,,,,,,,,,,,,,,,,,,,,,,,,1190.0,bestfit,380.0,-380.0,,,,,1710.0,value,O4a,value,HL,value,Candidate,value,,
S231114n,1383971549.255,value,2023-11-14T04:32:48.255,value,,,,,0.01,value,,,,,,,,,,,,,,,,,,,,,,,,,,,,,,,,,,,,,,,,,1320.0,bestfit,410.0,-410.0,,,,,1270.0,value,O4a,value,HL,value,Candidate,value,,
S231118ab,1384326860.239,value,2023-11-18T07:14:39.239,value,,,,,0.598,value,,,,,,,,,,,,,,,,,,,,,,,,,,,,,,,,,,,,,,,,,4350.0,bestfit,1590.0,-1590.0,,,,,2900.0,value,O4a,value,HL,value,Candidate,value,,
S231118an,1384333580.009,value,2023-11-18T09:06:39.009,value,,,,,2.36,value,,,,,,,,,,,,,,,,,,,,,,,,,,,,,,,,,,,,,,,,,1340.0,bestfit,350.0,-350.0,,,,,1110.0,value,O4a,value,HL,value,Candidate,value,,
S231118d,1384304204.845,value,2023-11-18T00:57:03.845,value,,,,,0.01,value,,,,,,,,,,,,,,,,,,,,,,,,,,,,,,,,,,,,,,,,,2110.0,bestfit,590.0,-590.0,,,,,956.0,value,O4a,value,HL,value,Candidate,value,,
S231119u,1384415586.095,value,2023-11-19T07:53:25.095,value,,,,,2.34,value,,,,,,,,,,,,,,,,,,,,,,,,,,,,,,,,,,,,,,,,,6600.0,bestfit,2560.0,-2560.0,,,,,5210.0,value,O4a,value,HL,value,Candidate,value,,
S231123cg,1384782888.634,value,2023-11-23T13:55:07.634,value,,,,,0.01,value,,,,,,,,,,,,,,,,,,,,,,,,,,,,,,,,,,,,,,,,,1150.0,bestfit,340.0,-340.0,,,,,2710.0,value,O4a,value,HL,value,Candidate,value,,
S231127cg,1385139198.882,value,2023-11-27T16:53:37.882,value,,,,,0.183,value,,,,,,,,,,,,,,,,,,,,,,,,,,,,,,,,,,,,,,,,,4430.0,bestfit,1720.0,-1720.0,,,,,3450.0,value,O4a,value,HL,value,Candidate,value,,
S231129ac,1385281083.643,value,2023-11-29T08:18:22.643,value,,,,,0.557,value,,,,,,,,,,,,,,,,,,,,,,,,,,,,,,,,,,,,,,,,,3960.0,bestfit,1510.0,-1510.0,,,,,3090.0,value,O4a,value,HL,value,Candidate,value,,
S231206ca,1385940712.528,value,2023-12-06T23:32:11.528,value,,,,,0.01,value,,,,,,,,,,,,,,,,,,,,,,,,,,,,,,,,,,,,,,,,,3230.0,bestfit,1140.0,-1140.0,,,,,2340.0,value,O4a,value,HL,value,Candidate,value,,
S231206cc,1385941159.498,value,2023-12-06T23:39:38.498,value,,,,,6.1e-28,value,,,,,,,,,,,,,,,,,,,,,,,,,,,,,,,,,,,,,,,,,1470.0,bestfit,260.0,-260.0,,,,,342.0,value,O4a,value,HL,value,Candidate,value,,
S231213ap,1386501275.914,value,2023-12-13T11:14:54.914,value,,,,,0.02,value,,,,,,,,,,,,,,,,,,,,,,,,,,,,,,,,,,,,,,,,,3860.0,bestfit,1260.0,-1260.0,,,,,1470.0,value,O4a,value,HL,value,Candidate,value,,
S231223j,1387337334.047,value,2023-12-23T03:29:13.047,value,,,,,0.0351,value,,,,,,,,,,,,,,,,,,,,,,,,,,,,,,,,,,,,,,,,,4470.0,bestfit,1600.0,-1600.0,,,,,3520.0,value,O4a,value,HL,value,Candidate,value,,
S231224e,1387421019.97,value,2023-12-24T02:43:58.970,value,,,,,0.0482,value,,,,,,,,,,,,,,,,,,,,,,,,,,,,,,,,,,,,,,,,,863.0,bestfit,213.0,-213.0,,,,,520.0,value,O4a,value,HL,value,Candidate,value,,
S231226av,1387620938.306,value,2023-12-26T10:15:57.306,value,,,,,3.52e-43,value,,,,,,,,,,,,,,,,,,,,,,,,,,,,,,,,,,,,,,,,,1220.0,bestfit,170.0,-170.0,,,,,199.0,value,O4a,value,HL,value,Candidate,value,,
S231231ag,1388072434.67,value,2023-12-31T15:40:53.670,value,,,,,2.64e-07,value,,,,,,,,,,,,,,,,,,,,,,,,,,,,,,,,,,,,,,,,,1070.0,bestfit,340.0,-340.0,,,,,27100.0,value,O4a,value,H,value,Candidate,value,,
S240104bl,1388422190.629,value,2024-01-04T16:50:09.629,value,,,,,1.12e-09,value,,,,,,,,,,,,,,,,,,,,,,,,,,,,,,,,,,,,,,,,,1980.0,bestfit,620.0,-620.0,,,,,27900.0,value,O4a,value,H,value,Candidate,value,,
S240107b,1388626353.72,value,2024-01-07T01:32:52.720,value,,,,,1.84,value,,,,,,,,,,,,,,,,,,,,,,,,,,,,,,,,,,,,,,,,,6090.0,bestfit,2430.0,-2430.0,,,,,4140.0,value,O4a,value,HL,value,Candidate,value,,
S240109a,1388811889.842,value,2024-01-09T05:05:08.842,value,,,,,0.232,value,,,,,,,,,,,,,,,,,,,,,,,,,,,,,,,,,,,,,,,,,1590.0,bestfit,570.0,-570.0,,,,,28000.0,value,O4a,value,H,value,Candidate,value,,
S240406aj,1396420145.897,value,2024-04-06T06:29:24.897,value,,,,,4.93e-08,value,,,,,,,,,,,,,,,,,,,,,,,,,,,,,,,,,,,,,,,,,2450.0,bestfit,690.0,-690.0,,,,,1720.0,value,O4b,value,HL,value,Candidate,value,,
S240413p,1397010037.852,value,2024-04-13T02:20:56.852,value,,,,,0.01,value,,,,,,,,,,,,,,,,,,,,,,,,,,,,,,,,,,,,,,,,,526.0,bestfit,101.0,-101.0,,,,,34.0,value,O4b,value,HLV,value,Candidate,value,,
S240421ar,1397712593.734,value,2024-04-21T05:30:12.734,value,,,,,1.14,value,,,,,,,,,,,,,,,,,,,,,,,,,,,,,,,,,,,,,,,,,7700.0,bestfit,2900.0,-2900.0,,,,,2600.0,value,O4,value,HL,value,Candidate,value,,
S240422ed,1397856931.417,value,2024-04-22T21:35:50.417,value,,,,,9.77e-06,value,,,,,,,,,,,,,,,,,,,,,,,,,,,,,,,,,,,,,,,,,188.0,bestfit,43.0,-43.0,,,,,259.0,value,O4,value,HLV,value,Candidate,value,,
S240426dl,1398179901.773,value,2024-04-26T15:18:40.773,value,,,,,1.63,value,,,,,,,,,,,,,,,,,,,,,,,,,,,,,,,,,,,,,,,,,5890.0,bestfit,2240.0,-2240.0,,,,,3470.0,value,O4,value,HL,value,Candidate,value,,
S240426s,1398136509.975,value,2024-04-26T03:15:28.975,value,,,,,0.24,value,,,,,,,,,,,,,,,,,,,,,,,,,,,,,,,,,,,,,,,,,3450.0,bestfit,1290.0,-1290.0,,,,,3050.0,value,O4,value,HL,value,Candidate,value,,
S240428dr,1398380098.077,value,2024-04-28T22:55:17.077,value,,,,,6.66e-07,value,,,,,,,,,,,,,,,,,,,,,,,,,,,,,,,,,,,,,,,,,831.0,bestfit,145.0,-145.0,,,,,186.0,value,O4,value,HV,value,Candidate,value,,
S240430ca,1398504935.38,value,2024-04-30T09:35:54.380,value,,,,,2.35,value,,,,,,,,,,,,,,,,,,,,,,,,,,,,,,,,,,,,,,,,,6210.0,bestfit,2590.0,-2590.0,,,,,4060.0,value,O4,value,HL,value,Candidate,value,,
S240501an,1398569752.925,value,2024-05-01T03:36:11.925,value,,,,,0.0133,value,,,,,,,,,,,,,,,,,,,,,,,,,,,,,,,,,,,,,,,,,4020.0,bestfit,1460.0,-1460.0,,,,,1080.0,value,O4,value,HLV,value,Candidate,value,,
S240505av,1398951370.585,value,2024-05-05T13:36:29.585,value,,,,,0.721,value,,,,,,,,,,,,,,,,,,,,,,,,,,,,,,,,,,,,,,,,,4570.0,bestfit,1420.0,-1420.0,,,,,1470.0,value,O4,value,HLV,value,Candidate,value,,
S240507p,1399090610.352,value,2024-05-07T04:17:09.352,value,,,,,0.02,value,,,,,,,,,,,,,,,,,,,,,,,,,,,,,,,,,,,,,,,,,1330.0,bestfit,370.0,-370.0,,,,,279.0,value,O4,value,HLV,value,Candidate,value,,
S240511i,1399432525.999,value,2024-05-11T03:15:44.999,value,,,,,0.01,value,,,,,,,,,,,,,,,,,,,,,,,,,,,,,,,,,,,,,,,,,1910.0,bestfit,400.0,-400.0,,,,,85.0,value,O4,value,HLV,value,Candidate,value,,
S240512r,1399516917.151,value,2024-05-12T02:42:16.151,value,,,,,0.01,value,,,,,,,,,,,,,,,,,,,,,,,,,,,,,,,,,,,,,,,,,1080.0,bestfit,270.0,-270.0,,,,,216.0,value,O4,value,HLV,value,Candidate,value,,
S240513ei,1399660400.898,value,2024-05-13T18:33:39.898,value,,,,,0.01,value,,,,,,,,,,,,,,,,,,,,,,,,,,,,,,,,,,,,,,,,,2250.0,bestfit,460.0,-460.0,,,,,37.0,value,O4,value,HLV,value,Candidate,value,,
S240514c,1399709019.048,value,2024-05-14T08:03:58.048,value,,,,,0.304,value,,,,,,,,,,,,,,,,,,,,,,,,,,,,,,,,,,,,,,,,,4180.0,bestfit,1830.0,-1830.0,,,,,30800.0,value,O4,value,L,value,Candidate,value,,
S240514x,1399724251.721,value,2024-05-14T12:17:50.721,value,,,,,0.01,value,,,,,,,,,,,,,,,,,,,,,,,,,,,,,,,,,,,,,,,,,2590.0,bestfit,590.0,-590.0,,,,,142.0,value,O4,value,HLV,value,Candidate,value,,
S240515m,1399769599.114,value,2024-05-15T00:53:38.114,value,,,,,1.66e-13,value,,,,,,,,,,,,,,,,,,,,,,,,,,,,,,,,,,,,,,,,,3560.0,bestfit,980.0,-980.0,,,,,978.0,value,O4,value,HLV,value,Candidate,value,,
S240520cv,1400276194.965,value,2024-05-20T21:36:53.965,value,,,,,0.01,value,,,,,,,,,,,,,,,,,,,,,,,,,,,,,,,,,,,,,,,,,1140.0,bestfit,230.0,-230.0,,,,,370.0,value,O4,value,HLV,value,Candidate,value,,
S240525p,1400641948.635,value,2024-05-25T03:12:47.635,value,,,,,0.529,value,,,,,,,,,,,,,,,,,,,,,,,,,,,,,,,,,,,,,,,,,4340.0,bestfit,1520.0,-1520.0,,,,,1520.0,value,O4,value,HLV,value,Candidate,value,,
S240527en,1400870087.055,value,2024-05-27T18:35:06.055,value,,,,,0.08,value,,,,,,,,,,,,,,,,,,,,,,,,,,,,,,,,,,,,,,,,,5850.0,bestfit,1910.0,-1910.0,,,,,987.0,value,O4,value,HLV,value,Candidate,value,,
S240527fv,1400886568.38,value,2024-05-27T23:09:47.380,value,,,,,0.45,value,,,,,,,,,,,,,,,,,,,,,,,,,,,,,,,,,,,,,,,,,1120.0,bestfit,190.0,-190.0,,,,,15.0,value,O4,value,HLV,value,Candidate,value,,
S240530a,1401067475.95,value,2024-05-30T01:24:54.950,value,,,,,0.03,value,,,,,,,,,,,,,,,,,,,,,,,,,,,,,,,,,,,,,,,,,1070.0,bestfit,230.0,-230.0,,,,,196.0,value,O4,value,HLV,value,Candidate,value,,
S240531bp,1401177186.463,value,2024-05-31T07:53:25.463,value,,,,,0.000118,value,,,,,,,,,,,,,,,,,,,,,,,,,,,,,,,,,,,,,,,,,3770.0,bestfit,1490.0,-1490.0,,,,,1320.0,value,O4,value,HLV,value,Candidate,value,,
S240601aj,1401257538.359,value,2024-06-01T06:12:37.359,value,,,,,0.968,value,,,,,,,,,,,,,,,,,,,,,,,,,,,,,,,,,,,,,,,,,5370.0,bestfit,2090.0,-2090.0,,,,,2010.0,value,O4,value,HL,value,Candidate,value,,
S240601co,1401318622.028,value,2024-06-01T23:10:41.028,value,,,,,0.0019,value,,,,,,,,,,,,,,,,,,,,,,,,,,,,,,,,,,,,,,,,,1420.0,bestfit,390.0,-390.0,,,,,1110.0,value,O4,value,HLV,value,Candidate,value,,
S240615dg,1402486598.724,value,2024-06-15T11:36:57.724,value,,,,,0.01,value,,,,,,,,,,,,,,,,,,,,,,,,,,,,,,,,,,,,,,,,,1420.0,bestfit,240.0,-240.0,,,,,5.0,value,O4,value,HLV,value,Candidate,value,,
S240615ea,1402502873.333,value,2024-06-15T16:08:12.333,value,,,,,0.48,value,,,,,,,,,,,,,,,,,,,,,,,,,,,,,,,,,,,,,,,,,3590.0,bestfit,1060.0,-1060.0,,,,,653.0,value,O4,value,HLV,value,Candidate,value,,
S240618ah,1402730205.151,value,2024-06-18T07:17:04.151,value,,,,,2.05,value,,,,,,,,,,,,,,,,,,,,,,,,,,,,,,,,,,,,,,,,,5940.0,bestfit,2440.0,-2440.0,,,,,5120.0,value,O4,value,HL,value,Candidate,value,,
S240621dy,1403034677.425,value,2024-06-21T19:51:36.425,value,,,,,1.26e-12,value,,,,,,,,,,,,,,,,,,,,,,,,,,,,,,,,,,,,,,,,,1180.0,bestfit,200.0,-200.0,,,,,21.0,value,O4,value,HLV,value,Candidate,value,,
S240621eb,1403035793.532,value,2024-06-21T20:10:12.532,value,,,,,1.36,value,,,,,,,,,,,,,,,,,,,,,,,,,,,,,,,,,,,,,,,,,4490.0,bestfit,1410.0,-1410.0,,,,,920.0,value,O4,value,HLV,value,Candidate,value,,
S240621em,1403041259.721,value,2024-06-21T21:41:18.721,value,,,,,2.13,value,,,,,,,,,,,,,,,,,,,,,,,,,,,,,,,,,,,,,,,,,7460.0,bestfit,2670.0,-2670.0,,,,,3070.0,value,O4,value,HLV,value,Candidate,value,,
S240622h,1403052026.415,value,2024-06-22T00:40:45.415,value,,,,,0.38,value,,,,,,,,,,,,,,,,,,,,,,,,,,,,,,,,,,,,,,,,,1350.0,bestfit,300.0,-300.0,,,,,199.0,value,O4,value,HLV,value,Candidate,value,,
S240627by,1403529400.202,value,2024-06-27T13:16:59.202,value,,,,,0.381,value,,,,,,,,,,,,,,,,,,,,,,,,,,,,,,,,,,,,,,,,,1250.0,bestfit,340.0,-340.0,,,,,934.0,value,O4,value,HLV,value,Candidate,value,,
S240629by,1403707994.859,value,2024-06-29T14:53:33.859,value,,,,,0.01,value,,,,,,,,,,,,,,,,,,,,,,,,,,,,,,,,,,,,,,,,,1170.0,bestfit,240.0,-240.0,,,,,66.0,value,O4,value,HLV,value,Candidate,value,,
S240630t,1403777841.372,value,2024-06-30T10:17:40.372,value,,,,,5.98e-05,value,,,,,,,,,,,,,,,,,,,,,,,,,,,,,,,,,,,,,,,,,3160.0,bestfit,840.0,-840.0,,,,,670.0,value,O4,value,HLV,value,Candidate,value,,
S240703ad,1404069253.283,value,2024-07-03T19:14:32.283,value,,,,,3.74e-06,value,,,,,,,,,,,,,,,,,,,,,,,,,,,,,,,,,,,,,,,,,1890.0,bestfit,680.0,-680.0,,,,,3780.0,value,O4,value,LV,value,Candidate,value,,
S240705at,1404192753.917,value,2024-07-05T05:32:52.917,value,,,,,2.23e-08,value,,,,,,,,,,,,,,,,,,,,,,,,,,,,,,,,,,,,,,,,,3690.0,bestfit,880.0,-880.0,,,,,172.0,value,O4,value,HLV,value,Candidate,value,,
S240716b,1405136958.508,value,2024-07-16T03:49:37.508,value,,,,,2.48e-08,value,,,,,,,,,,,,,,,,,,,,,,,,,,,,,,,,,,,,,,,,,1820.0,bestfit,690.0,-690.0,,,,,10300.0,value,O4,value,LV,value,Candidate,value,,
S240807h,1407102377.197,value,2024-08-07T21:46:36.197,value,,,,,0.000635,value,,,,,,,,,,,,,,,,,,,,,,,,,,,,,,,,,,,,,,,,,1020.0,bestfit,300.0,-300.0,,,,,13100.0,value,O4,value,LV,value,Candidate,value,,
S240813c,1407555966.325,value,2024-08-13T03:46:25.325,value,,,,,0.0825,value,,,,,,,,,,,,,,,,,,,,,,,,,,,,,,,,,,,,,,,,,1130.0,bestfit,340.0,-340.0,,,,,13800.0,value,O4,value,LV,value,Candidate,value,,
S240813d,1407559171.349,value,2024-08-13T04:39:50.349,value,,,,,5.7e-11,value,,,,,,,,,,,,,,,,,,,,,,,,,,,,,,,,,,,,,,,,,2080.0,bestfit,480.0,-480.0,,,,,1110.0,value,O4,value,LV,value,Candidate,value,,
S240825ar,1408600324.979,value,2024-08-25T05:52:23.979,value,,,,,0.1,value,,,,,,,,,,,,,,,,,,,,,,,,,,,,,,,,,,,,,,,,,1310.0,bestfit,310.0,-310.0,,,,,1200.0,value,O4,value,HLV,value,Candidate,value,,
S240830gn,1409087498.392,value,2024-08-30T21:11:57.392,value,,,,,0.02,value,,,,,,,,,,,,,,,,,,,,,,,,,,,,,,,,,,,,,,,,,1120.0,bestfit,300.0,-300.0,,,,,410.0,value,O4,value,HLV,value,Candidate,value,,
S240902bq,1409322804.762,value,2024-09-02T14:33:43.762,value,,,,,0.08,value,,,,,,,,,,,,,,,,,,,,,,,,,,,,,,,,,,,,,,,,,3440.0,bestfit,920.0,-920.0,,,,,923.0,value,O4,value,HLV,value,Candidate,value,,
